the_date,census_blockid,state,dma_name,winner,loser,metric_value,mean_val,stddev_val,q1,q3,iqr,z_score,iqr_flag
2025-08-16,060014507011006,California,"San Francisco-Oakland-San Jose, CA",AT&T,Comcast,20.0,0.6002000666888962,0.6962388995444343,0.0,1.0,1.0,27.863711645535542,HIGH_IQR
2025-08-17,060014507011006,California,"San Francisco-Oakland-San Jose, CA",AT&T,Comcast,17.0,0.5961453744493392,0.6971110185854585,0.0,1.0,1.0,23.531194011014932,HIGH_IQR
2025-08-15,060014507011006,California,"San Francisco-Oakland-San Jose, CA",AT&T,Comcast,15.0,0.5753306497987349,0.6575914857374394,0.0,1.0,1.0,21.93560844849608,HIGH_IQR
2025-08-16,060590626273000,California,"Los Angeles, CA-NV",AT&T,Cox Communications,11.0,0.6002000666888962,0.6962388995444343,0.0,1.0,1.0,14.937114171753318,HIGH_IQR
2025-08-17,060710028013001,California,"Los Angeles, CA-NV",AT&T,Spectrum,11.0,0.5961453744493392,0.6971110185854585,0.0,1.0,1.0,14.924243554006107,HIGH_IQR
2025-08-16,060710028013001,California,"Los Angeles, CA-NV",AT&T,Spectrum,10.0,0.6002000666888962,0.6962388995444343,0.0,1.0,1.0,13.500825563555294,HIGH_IQR
2025-08-17,060590626273000,California,"Los Angeles, CA-NV",AT&T,Cox Communications,10.0,0.5961453744493392,0.6971110185854585,0.0,1.0,1.0,13.489751811171303,HIGH_IQR
2025-08-15,060770003002019,California,"Sacramento-Stockton-Modesto, CA",AT&T,Comcast,9.0,0.5753306497987349,0.6575914857374394,0.0,1.0,1.0,12.81140272178803,HIGH_IQR
2025-08-15,060710028013001,California,"Los Angeles, CA-NV",AT&T,Spectrum,9.0,0.5753306497987349,0.6575914857374394,0.0,1.0,1.0,12.81140272178803,HIGH_IQR
2025-08-15,490279741004056,Utah,"Salt Lake City, UT-WY-NV-ID",Central Utah Telephone,Frontier,8.0,0.5753306497987349,0.6575914857374394,0.0,1.0,1.0,11.290701767336687,HIGH_IQR
2025-08-16,060590992394001,California,"Los Angeles, CA-NV",Frontier,Spectrum,8.0,0.6002000666888962,0.6962388995444343,0.0,1.0,1.0,10.628248347159243,HIGH_IQR
2025-08-17,060770003002019,California,"Sacramento-Stockton-Modesto, CA",AT&T,Comcast,8.0,0.5961453744493392,0.6971110185854585,0.0,1.0,1.0,10.620768325501695,HIGH_IQR
2025-08-15,060590626302003,,,AT&T,Cox Communications,7.0,0.5753306497987349,0.6575914857374394,0.0,1.0,1.0,9.770000812885346,HIGH_IQR
2025-08-16,060590626302003,,,AT&T,Cox Communications,7.0,0.6002000666888962,0.6962388995444343,0.0,1.0,1.0,9.191959738961218,HIGH_IQR
2025-08-17,061110075064013,,,AT&T,Spectrum,6.0,0.5961453744493392,0.6971110185854585,0.0,1.0,1.0,7.751784839832085,HIGH_IQR
2025-06-19,060650425071007,California,"Los Angeles, CA-NV",Spectrum,Frontier,5.0,0.5609297957266964,0.6009539436299837,0.0,1.0,1.0,7.386706171623869,HIGH_IQR
2025-06-19,120530411052016,Florida,"Tampa-St. Petersburg, FL",WOW!,Spectrum,5.0,0.5609297957266964,0.6009539436299837,0.0,1.0,1.0,7.386706171623869,HIGH_IQR
2025-06-19,470459643003008,Tennessee,"Memphis, TN-MS-AR",Ritter Communications,Cable One,5.0,0.5609297957266964,0.6009539436299837,0.0,1.0,1.0,7.386706171623869,HIGH_IQR
2025-06-19,550790050001001,Wisconsin,"Milwaukee, WI",AT&T,Spectrum,5.0,0.5609297957266964,0.6009539436299837,0.0,1.0,1.0,7.386706171623869,HIGH_IQR
2025-08-18,120570001023001,Florida,"Tampa-St. Petersburg, FL",Spectrum,Frontier,6.0,0.6456913339824732,0.7454963154346201,0.0,1.0,1.0,7.182206746247961,HIGH_IQR
2025-08-18,240054920022006,Maryland,"Baltimore, MD",Verizon,Comcast,6.0,0.6456913339824732,0.7454963154346201,0.0,1.0,1.0,7.182206746247961,HIGH_IQR
2025-08-15,370810142001017,North Carolina,"Greensboro-High Point-Winston Salem, NC-VA",Lumos,Spectrum,5.0,0.5753306497987349,0.6575914857374394,0.0,1.0,1.0,6.728598903982662,HIGH_IQR
2025-08-15,060014382011002,California,"San Francisco-Oakland-San Jose, CA",AT&T,Comcast,5.0,0.5753306497987349,0.6575914857374394,0.0,1.0,1.0,6.728598903982662,HIGH_IQR
2025-08-16,061070029012092,,,AT&T,Comcast,5.0,0.6002000666888962,0.6962388995444343,0.0,1.0,1.0,6.319382522565168,HIGH_IQR
2025-08-16,290770029001000,Missouri,"Springfield, MO-AR",Brightspeed,AT&T,5.0,0.6002000666888962,0.6962388995444343,0.0,1.0,1.0,6.319382522565168,HIGH_IQR
2025-08-16,061110074023000,California,"Los Angeles, CA-NV",Frontier,Spectrum,5.0,0.6002000666888962,0.6962388995444343,0.0,1.0,1.0,6.319382522565168,HIGH_IQR
2025-08-16,061110030111021,California,"Los Angeles, CA-NV",Frontier,Spectrum,5.0,0.6002000666888962,0.6962388995444343,0.0,1.0,1.0,6.319382522565168,HIGH_IQR
2025-08-16,060376512221005,California,"Los Angeles, CA-NV",Frontier,Spectrum,5.0,0.6002000666888962,0.6962388995444343,0.0,1.0,1.0,6.319382522565168,HIGH_IQR
2025-08-16,190570005003031,Iowa,"Davenport-Rock Island-Moline, IA-IL",ImOn Communications,Mediacom,5.0,0.6002000666888962,0.6962388995444343,0.0,1.0,1.0,6.319382522565168,HIGH_IQR
2025-08-17,190570004001001,Iowa,"Davenport-Rock Island-Moline, IA-IL",ImOn Communications,Mediacom,5.0,0.5961453744493392,0.6971110185854585,0.0,1.0,1.0,6.317293096997282,HIGH_IQR
2025-08-17,060590992394001,California,"Los Angeles, CA-NV",Frontier,Spectrum,5.0,0.5961453744493392,0.6971110185854585,0.0,1.0,1.0,6.317293096997282,HIGH_IQR
2025-08-17,060710016002033,California,"Los Angeles, CA-NV",Frontier,Spectrum,5.0,0.5961453744493392,0.6971110185854585,0.0,1.0,1.0,6.317293096997282,HIGH_IQR
2025-08-17,061110066002015,California,"Los Angeles, CA-NV",Frontier,Spectrum,5.0,0.5961453744493392,0.6971110185854585,0.0,1.0,1.0,6.317293096997282,HIGH_IQR
2025-08-17,060190026022012,California,"Fresno-Visalia, CA",AT&T,Comcast,5.0,0.5961453744493392,0.6971110185854585,0.0,1.0,1.0,6.317293096997282,HIGH_IQR
2025-08-17,061110074023000,California,"Los Angeles, CA-NV",Frontier,Spectrum,5.0,0.5961453744493392,0.6971110185854585,0.0,1.0,1.0,6.317293096997282,HIGH_IQR
2025-08-17,060670087033002,California,"Sacramento-Stockton-Modesto, CA",AT&T,Comcast,5.0,0.5961453744493392,0.6971110185854585,0.0,1.0,1.0,6.317293096997282,HIGH_IQR
2025-06-19,300630002033013,,,Verizon FWA,Spectrum,4.0,0.5609297957266964,0.6009539436299837,0.0,1.0,1.0,5.72268514205939,NORMAL
2025-06-19,360550141024006,,,Greenlight Networks (NY),Spectrum,4.0,0.5609297957266964,0.6009539436299837,0.0,1.0,1.0,5.72268514205939,NORMAL
2025-06-19,482770010003021,Texas,"Dallas-Ft. Worth, TX",AT&T,Altice,4.0,0.5609297957266964,0.6009539436299837,0.0,1.0,1.0,5.72268514205939,NORMAL
2025-06-19,484391110191013,,,AT&T,Spectrum,4.0,0.5609297957266964,0.6009539436299837,0.0,1.0,1.0,5.72268514205939,NORMAL
2025-08-15,360471078002002,New York,"New York, NY-NJ-CT-PA",T-Mobile FWA,Altice,4.0,0.5753306497987349,0.6575914857374394,0.0,1.0,1.0,5.20789794953132,NORMAL
2025-08-15,060710038032016,California,"Los Angeles, CA-NV",AT&T,Spectrum,4.0,0.5753306497987349,0.6575914857374394,0.0,1.0,1.0,5.20789794953132,NORMAL
2025-08-15,060371061131005,California,"Los Angeles, CA-NV",Frontier,Spectrum,4.0,0.5753306497987349,0.6575914857374394,0.0,1.0,1.0,5.20789794953132,NORMAL
2025-08-15,060375704041001,California,"Los Angeles, CA-NV",AT&T,Spectrum,4.0,0.5753306497987349,0.6575914857374394,0.0,1.0,1.0,5.20789794953132,NORMAL
2025-08-15,060014366022007,California,"San Francisco-Oakland-San Jose, CA",AT&T,Comcast,4.0,0.5753306497987349,0.6575914857374394,0.0,1.0,1.0,5.20789794953132,NORMAL
2025-08-15,060730201071016,California,"San Diego, CA",AT&T,Cox Communications,4.0,0.5753306497987349,0.6575914857374394,0.0,1.0,1.0,5.20789794953132,NORMAL
2025-08-15,060590992394001,California,"Los Angeles, CA-NV",Frontier,Spectrum,4.0,0.5753306497987349,0.6575914857374394,0.0,1.0,1.0,5.20789794953132,NORMAL
2025-08-16,484279501011208,Texas,"Harlingen-Weslaco-Brownsville-McAllen, TX",Spectrum,Frontier,4.0,0.6002000666888962,0.6962388995444343,0.0,1.0,1.0,4.8830939143671435,NORMAL
2025-08-16,421010192003003,Pennsylvania,"Philadelphia, PA-NJ-DE",Comcast,Verizon,4.0,0.6002000666888962,0.6962388995444343,0.0,1.0,1.0,4.8830939143671435,NORMAL
2025-08-16,511790102101000,Virginia,"Washington, DC-VA-MD-WV-PA",Comcast,Verizon,4.0,0.6002000666888962,0.6962388995444343,0.0,1.0,1.0,4.8830939143671435,NORMAL
2025-08-16,060855125121006,,,Frontier,Spectrum,4.0,0.6002000666888962,0.6962388995444343,0.0,1.0,1.0,4.8830939143671435,NORMAL
2025-08-16,060730166152011,,,AT&T,Cox Communications,4.0,0.6002000666888962,0.6962388995444343,0.0,1.0,1.0,4.8830939143671435,NORMAL
2025-08-16,120990076231000,,,Comcast,AT&T,4.0,0.6002000666888962,0.6962388995444343,0.0,1.0,1.0,4.8830939143671435,NORMAL
2025-08-16,130630405303001,,,Comcast,AT&T,4.0,0.6002000666888962,0.6962388995444343,0.0,1.0,1.0,4.8830939143671435,NORMAL
2025-08-16,060590218322002,,,AT&T,Spectrum,4.0,0.6002000666888962,0.6962388995444343,0.0,1.0,1.0,4.8830939143671435,NORMAL
2025-08-16,060376037051001,,,AT&T,Spectrum,4.0,0.6002000666888962,0.6962388995444343,0.0,1.0,1.0,4.8830939143671435,NORMAL
2025-08-16,250235105032005,Massachusetts,"Boston, MA-NH-VT",Verizon,Comcast,4.0,0.6002000666888962,0.6962388995444343,0.0,1.0,1.0,4.8830939143671435,NORMAL
2025-08-16,360050310002007,New York,"New York, NY-NJ-CT-PA",Verizon,Altice,4.0,0.6002000666888962,0.6962388995444343,0.0,1.0,1.0,4.8830939143671435,NORMAL
2025-08-16,340390352001000,New Jersey,"New York, NY-NJ-CT-PA",Altice,Verizon,4.0,0.6002000666888962,0.6962388995444343,0.0,1.0,1.0,4.8830939143671435,NORMAL
2025-08-16,240338006071002,Maryland,"Washington, DC-VA-MD-WV-PA",Comcast,Verizon,4.0,0.6002000666888962,0.6962388995444343,0.0,1.0,1.0,4.8830939143671435,NORMAL
2025-08-16,060375433211019,California,"Los Angeles, CA-NV",AT&T,Spectrum,4.0,0.6002000666888962,0.6962388995444343,0.0,1.0,1.0,4.8830939143671435,NORMAL
2025-08-16,060376014023005,California,"Los Angeles, CA-NV",AT&T,Spectrum,4.0,0.6002000666888962,0.6962388995444343,0.0,1.0,1.0,4.8830939143671435,NORMAL
2025-08-16,060374057022005,California,"Los Angeles, CA-NV",Frontier,Spectrum,4.0,0.6002000666888962,0.6962388995444343,0.0,1.0,1.0,4.8830939143671435,NORMAL
2025-08-16,060730207051001,California,"San Diego, CA",AT&T,Cox Communications,4.0,0.6002000666888962,0.6962388995444343,0.0,1.0,1.0,4.8830939143671435,NORMAL
2025-08-16,060590994123008,California,"Los Angeles, CA-NV",Frontier,Spectrum,4.0,0.6002000666888962,0.6962388995444343,0.0,1.0,1.0,4.8830939143671435,NORMAL
2025-08-16,060190026022012,California,"Fresno-Visalia, CA",AT&T,Comcast,4.0,0.6002000666888962,0.6962388995444343,0.0,1.0,1.0,4.8830939143671435,NORMAL
2025-08-16,060070014001036,California,"Chico-Redding, CA",AT&T,Comcast,4.0,0.6002000666888962,0.6962388995444343,0.0,1.0,1.0,4.8830939143671435,NORMAL
2025-08-16,090010812001019,Connecticut,"New York, NY-NJ-CT-PA",Frontier,Altice,4.0,0.6002000666888962,0.6962388995444343,0.0,1.0,1.0,4.8830939143671435,NORMAL
2025-08-16,481677213022013,,,Frontier,Comcast,4.0,0.6002000666888962,0.6962388995444343,0.0,1.0,1.0,4.8830939143671435,NORMAL
2025-08-16,401091083193000,,,AT&T,Cox Communications,4.0,0.6002000666888962,0.6962388995444343,0.0,1.0,1.0,4.8830939143671435,NORMAL
2025-08-16,290019510001014,,,Socket Internet,Cable One,4.0,0.6002000666888962,0.6962388995444343,0.0,1.0,1.0,4.8830939143671435,NORMAL
2025-08-16,271230334004007,,,CenturyLink,Comcast,4.0,0.6002000666888962,0.6962388995444343,0.0,1.0,1.0,4.8830939143671435,NORMAL
2025-08-16,261450010001081,,,AT&T,Spectrum,4.0,0.6002000666888962,0.6962388995444343,0.0,1.0,1.0,4.8830939143671435,NORMAL
2025-08-16,160010103471005,,,CenturyLink,Cable One,4.0,0.6002000666888962,0.6962388995444343,0.0,1.0,1.0,4.8830939143671435,NORMAL
2025-08-16,060014366022007,California,"San Francisco-Oakland-San Jose, CA",AT&T,Comcast,4.0,0.6002000666888962,0.6962388995444343,0.0,1.0,1.0,4.8830939143671435,NORMAL
2025-08-16,131850103021025,Georgia,"Tallahassee-Thomasville, FL-GA",Metronet,Mediacom,4.0,0.6002000666888962,0.6962388995444343,0.0,1.0,1.0,4.8830939143671435,NORMAL
2025-08-16,080050056232015,Colorado,"Denver, CO-WY-NE",CenturyLink,Comcast,4.0,0.6002000666888962,0.6962388995444343,0.0,1.0,1.0,4.8830939143671435,NORMAL
2025-08-17,060816075002021,,,AT&T,Comcast,4.0,0.5961453744493392,0.6971110185854585,0.0,1.0,1.0,4.882801354162478,NORMAL
2025-08-17,060371310241002,,,AT&T,Spectrum,4.0,0.5961453744493392,0.6971110185854585,0.0,1.0,1.0,4.882801354162478,NORMAL
2025-08-17,060710021111015,,,Frontier,Spectrum,4.0,0.5961453744493392,0.6971110185854585,0.0,1.0,1.0,4.882801354162478,NORMAL
2025-08-17,060855083051001,,,AT&T,Comcast,4.0,0.5961453744493392,0.6971110185854585,0.0,1.0,1.0,4.882801354162478,NORMAL
2025-08-17,131171305092014,Georgia,"Atlanta, GA-AL-NC",AT&T,Comcast,4.0,0.5961453744493392,0.6971110185854585,0.0,1.0,1.0,4.882801354162478,NORMAL
2025-08-17,060952529033010,California,"Sacramento-Stockton-Modesto, CA",AT&T,Comcast,4.0,0.5961453744493392,0.6971110185854585,0.0,1.0,1.0,4.882801354162478,NORMAL
2025-08-17,060990003031017,California,"Sacramento-Stockton-Modesto, CA",AT&T,Spectrum,4.0,0.5961453744493392,0.6971110185854585,0.0,1.0,1.0,4.882801354162478,NORMAL
2025-08-17,060990039093005,California,"Sacramento-Stockton-Modesto, CA",AT&T,Spectrum,4.0,0.5961453744493392,0.6971110185854585,0.0,1.0,1.0,4.882801354162478,NORMAL
2025-08-17,061110055021009,California,"Los Angeles, CA-NV",Frontier,Spectrum,4.0,0.5961453744493392,0.6971110185854585,0.0,1.0,1.0,4.882801354162478,NORMAL
2025-08-17,060014351022000,California,"San Francisco-Oakland-San Jose, CA",AT&T,Comcast,4.0,0.5961453744493392,0.6971110185854585,0.0,1.0,1.0,4.882801354162478,NORMAL
2025-08-17,060855085051008,California,"San Francisco-Oakland-San Jose, CA",AT&T,Comcast,4.0,0.5961453744493392,0.6971110185854585,0.0,1.0,1.0,4.882801354162478,NORMAL
2025-08-17,060952505012005,California,"San Francisco-Oakland-San Jose, CA",AT&T,Comcast,4.0,0.5961453744493392,0.6971110185854585,0.0,1.0,1.0,4.882801354162478,NORMAL
2025-08-17,060710008082007,California,"Los Angeles, CA-NV",Frontier,Spectrum,4.0,0.5961453744493392,0.6971110185854585,0.0,1.0,1.0,4.882801354162478,NORMAL
2025-08-17,060710005041021,California,"Los Angeles, CA-NV",Frontier,Spectrum,4.0,0.5961453744493392,0.6971110185854585,0.0,1.0,1.0,4.882801354162478,NORMAL
2025-08-17,060650424062009,California,"Los Angeles, CA-NV",Frontier,Spectrum,4.0,0.5961453744493392,0.6971110185854585,0.0,1.0,1.0,4.882801354162478,NORMAL
2025-08-17,060371432001000,California,"Los Angeles, CA-NV",AT&T,Spectrum,4.0,0.5961453744493392,0.6971110185854585,0.0,1.0,1.0,4.882801354162478,NORMAL
2025-08-17,010890105021004,Alabama,"Huntsville-Decatur, AL-TN",AT&T,Mediacom,4.0,0.5961453744493392,0.6971110185854585,0.0,1.0,1.0,4.882801354162478,NORMAL
2025-08-18,420619504001010,Pennsylvania,"Johnstown-Altoona-State College, PA",Verizon FWA,Comcast,4.0,0.6456913339824732,0.7454963154346201,0.0,1.0,1.0,4.499430240727594,NORMAL
2025-08-18,540330303002000,West Virginia,"Clarksburg-Weston, WV",Spectrum,Frontier,4.0,0.6456913339824732,0.7454963154346201,0.0,1.0,1.0,4.499430240727594,NORMAL
2025-08-18,530579407001029,Washington,"Seattle-Tacoma, WA",T-Mobile FWA,Ziply Fiber,4.0,0.6456913339824732,0.7454963154346201,0.0,1.0,1.0,4.499430240727594,NORMAL
2025-08-18,530330289024003,Washington,"Seattle-Tacoma, WA",Verizon FWA,Comcast,4.0,0.6456913339824732,0.7454963154346201,0.0,1.0,1.0,4.499430240727594,NORMAL
2025-08-18,530330030001028,Washington,"Seattle-Tacoma, WA",T-Mobile FWA,CenturyLink,4.0,0.6456913339824732,0.7454963154346201,0.0,1.0,1.0,4.499430240727594,NORMAL
2025-08-18,480291812004006,Texas,"San Antonio, TX",T-Mobile FWA,AT&T,4.0,0.6456913339824732,0.7454963154346201,0.0,1.0,1.0,4.499430240727594,NORMAL
2025-08-18,480291715011002,Texas,"San Antonio, TX",Spectrum,Astound Broadband,4.0,0.6456913339824732,0.7454963154346201,0.0,1.0,1.0,4.499430240727594,NORMAL
2025-08-18,480291402001013,Texas,"San Antonio, TX",T-Mobile FWA,Spectrum,4.0,0.6456913339824732,0.7454963154346201,0.0,1.0,1.0,4.499430240727594,NORMAL
2025-08-18,550790912002004,Wisconsin,"Milwaukee, WI",Verizon FWA,AT&T,4.0,0.6456913339824732,0.7454963154346201,0.0,1.0,1.0,4.499430240727594,NORMAL
2025-08-18,482150208042001,Texas,"Harlingen-Weslaco-Brownsville-McAllen, TX",AT&T,Spectrum,4.0,0.6456913339824732,0.7454963154346201,0.0,1.0,1.0,4.499430240727594,NORMAL
2025-08-18,481130088022013,Texas,"Dallas-Ft. Worth, TX",T-Mobile FWA,Spectrum,4.0,0.6456913339824732,0.7454963154346201,0.0,1.0,1.0,4.499430240727594,NORMAL
2025-08-18,450350108141011,South Carolina,"Charleston, SC",Comcast,Spectrum,4.0,0.6456913339824732,0.7454963154346201,0.0,1.0,1.0,4.499430240727594,NORMAL
2025-08-18,450350108071001,South Carolina,"Charleston, SC",T-Mobile FWA,Spectrum,4.0,0.6456913339824732,0.7454963154346201,0.0,1.0,1.0,4.499430240727594,NORMAL
2025-08-18,401091088022000,Oklahoma,"Oklahoma City, OK",Verizon FWA,Cox Communications,4.0,0.6456913339824732,0.7454963154346201,0.0,1.0,1.0,4.499430240727594,NORMAL
2025-08-18,420490111022009,Pennsylvania,"Erie, PA",VNET Fiber,Spectrum,4.0,0.6456913339824732,0.7454963154346201,0.0,1.0,1.0,4.499430240727594,NORMAL
2025-08-18,420479512001051,Pennsylvania,"Johnstown-Altoona-State College, PA",Verizon FWA,Windstream,4.0,0.6456913339824732,0.7454963154346201,0.0,1.0,1.0,4.499430240727594,NORMAL
2025-08-18,060952529103006,California,"Sacramento-Stockton-Modesto, CA",AT&T,Comcast,4.0,0.6456913339824732,0.7454963154346201,0.0,1.0,1.0,4.499430240727594,NORMAL
2025-08-18,360670138002004,New York,"Syracuse, NY",T-Mobile FWA,Verizon,4.0,0.6456913339824732,0.7454963154346201,0.0,1.0,1.0,4.499430240727594,NORMAL
2025-08-18,280590420004003,Mississippi,"Biloxi-Gulfport, MS",AT&T,Cable One,4.0,0.6456913339824732,0.7454963154346201,0.0,1.0,1.0,4.499430240727594,NORMAL
2025-08-18,011170303161009,Alabama,"Birmingham, AL",Verizon FWA,Spectrum,4.0,0.6456913339824732,0.7454963154346201,0.0,1.0,1.0,4.499430240727594,NORMAL
2025-08-18,390230013002009,Ohio,"Dayton, OH",AT&T,Spectrum,4.0,0.6456913339824732,0.7454963154346201,0.0,1.0,1.0,4.499430240727594,NORMAL
2025-08-18,390490014001004,Ohio,"Columbus, OH",Atlantic Broadband,Spectrum,4.0,0.6456913339824732,0.7454963154346201,0.0,1.0,1.0,4.499430240727594,NORMAL
2025-08-18,060610220021022,California,"Sacramento-Stockton-Modesto, CA",Verizon FWA,Astound Broadband,4.0,0.6456913339824732,0.7454963154346201,0.0,1.0,1.0,4.499430240727594,NORMAL
2025-08-18,040131098012006,Arizona,"Phoenix, AZ",Verizon FWA,Cox Communications,4.0,0.6456913339824732,0.7454963154346201,0.0,1.0,1.0,4.499430240727594,NORMAL
2025-08-18,060990008014001,California,"Sacramento-Stockton-Modesto, CA",T-Mobile FWA,AT&T,4.0,0.6456913339824732,0.7454963154346201,0.0,1.0,1.0,4.499430240727594,NORMAL
2025-08-18,060133080011001,California,"San Francisco-Oakland-San Jose, CA",T-Mobile FWA,Comcast,4.0,0.6456913339824732,0.7454963154346201,0.0,1.0,1.0,4.499430240727594,NORMAL
2025-08-18,060816065001000,California,"San Francisco-Oakland-San Jose, CA",Astound Broadband,Comcast,4.0,0.6456913339824732,0.7454963154346201,0.0,1.0,1.0,4.499430240727594,NORMAL
2025-08-18,060855074014005,California,"San Francisco-Oakland-San Jose, CA",AT&T,Comcast,4.0,0.6456913339824732,0.7454963154346201,0.0,1.0,1.0,4.499430240727594,NORMAL
2025-08-18,390450323003007,Ohio,"Columbus, OH",T-Mobile FWA,AT&T,4.0,0.6456913339824732,0.7454963154346201,0.0,1.0,1.0,4.499430240727594,NORMAL
2025-08-18,060952505022000,California,"San Francisco-Oakland-San Jose, CA",T-Mobile FWA,Comcast,4.0,0.6456913339824732,0.7454963154346201,0.0,1.0,1.0,4.499430240727594,NORMAL
2025-08-18,090091655003002,Connecticut,"Hartford & New Haven, CT",Frontier,Comcast,4.0,0.6456913339824732,0.7454963154346201,0.0,1.0,1.0,4.499430240727594,NORMAL
2025-08-18,120860082091000,Florida,"Miami-Ft. Lauderdale, FL",AT&T,Comcast,4.0,0.6456913339824732,0.7454963154346201,0.0,1.0,1.0,4.499430240727594,NORMAL
2025-08-18,120860099052002,Florida,"Miami-Ft. Lauderdale, FL",T-Mobile FWA,Comcast,4.0,0.6456913339824732,0.7454963154346201,0.0,1.0,1.0,4.499430240727594,NORMAL
2025-08-18,121199113021041,Florida,"Orlando-Daytona Beach-Melbourne, FL",Verizon FWA,Spectrum,4.0,0.6456913339824732,0.7454963154346201,0.0,1.0,1.0,4.499430240727594,NORMAL
2025-08-18,121270828011066,Florida,"Orlando-Daytona Beach-Melbourne, FL",T-Mobile FWA,Spectrum,4.0,0.6456913339824732,0.7454963154346201,0.0,1.0,1.0,4.499430240727594,NORMAL
2025-08-18,060952529033009,California,"Sacramento-Stockton-Modesto, CA",Comcast,AT&T,4.0,0.6456913339824732,0.7454963154346201,0.0,1.0,1.0,4.499430240727594,NORMAL
2025-08-18,121030240011012,Florida,"Tampa-St. Petersburg, FL",Frontier,WOW!,4.0,0.6456913339824732,0.7454963154346201,0.0,1.0,1.0,4.499430240727594,NORMAL
2025-08-18,121050155001054,Florida,"Tampa-St. Petersburg, FL",Verizon FWA,Comcast,4.0,0.6456913339824732,0.7454963154346201,0.0,1.0,1.0,4.499430240727594,NORMAL
2025-08-18,150010204002001,Hawaii,"Honolulu, HI",T-Mobile FWA,Spectrum,4.0,0.6456913339824732,0.7454963154346201,0.0,1.0,1.0,4.499430240727594,NORMAL
2025-08-18,190130014005012,Iowa,"Cedar Rapids-Waterloo-Iowa City & Dubuque, IA",Verizon FWA,Mediacom,4.0,0.6456913339824732,0.7454963154346201,0.0,1.0,1.0,4.499430240727594,NORMAL
2025-08-18,060910100002010,California,"Sacramento-Stockton-Modesto, CA",Verizon FWA,Plumas Sierra Telecommunications,4.0,0.6456913339824732,0.7454963154346201,0.0,1.0,1.0,4.499430240727594,NORMAL
2025-08-18,245101205002006,Maryland,"Baltimore, MD",T-Mobile FWA,Comcast,4.0,0.6456913339824732,0.7454963154346201,0.0,1.0,1.0,4.499430240727594,NORMAL
2025-08-18,245101510006001,Maryland,"Baltimore, MD",Verizon FWA,Comcast,4.0,0.6456913339824732,0.7454963154346201,0.0,1.0,1.0,4.499430240727594,NORMAL
2025-08-18,040159507051000,Arizona,"Phoenix, AZ",Allo Communications,Altice,4.0,0.6456913339824732,0.7454963154346201,0.0,1.0,1.0,4.499430240727594,NORMAL
2025-08-18,391390009003033,Ohio,"Cleveland-Akron, OH",T-Mobile FWA,Spectrum,4.0,0.6456913339824732,0.7454963154346201,0.0,1.0,1.0,4.499430240727594,NORMAL
2025-08-18,250138026015001,Massachusetts,"Springfield-Holyoke, MA",Verizon FWA,Comcast,4.0,0.6456913339824732,0.7454963154346201,0.0,1.0,1.0,4.499430240727594,NORMAL
2025-08-18,260992584004008,Michigan,"Detroit, MI",T-Mobile FWA,AT&T,4.0,0.6456913339824732,0.7454963154346201,0.0,1.0,1.0,4.499430240727594,NORMAL
2025-08-18,261251623003005,Michigan,"Detroit, MI",T-Mobile FWA,AT&T,4.0,0.6456913339824732,0.7454963154346201,0.0,1.0,1.0,4.499430240727594,NORMAL
2025-08-18,261614004001003,Michigan,"Detroit, MI",Verizon FWA,Comcast,4.0,0.6456913339824732,0.7454963154346201,0.0,1.0,1.0,4.499430240727594,NORMAL
2025-08-18,260810102001045,Michigan,"Grand Rapids-Kalamazoo-Battle Creek, MI",T-Mobile FWA,Point Broadband,4.0,0.6456913339824732,0.7454963154346201,0.0,1.0,1.0,4.499430240727594,NORMAL
2025-08-18,040130405132012,Arizona,"Phoenix, AZ",T-Mobile FWA,Cox Communications,4.0,0.6456913339824732,0.7454963154346201,0.0,1.0,1.0,4.499430240727594,NORMAL
2025-08-18,260350009002015,Michigan,"Traverse City-Cadillac, MI",Verizon FWA,Spectrum,4.0,0.6456913339824732,0.7454963154346201,0.0,1.0,1.0,4.499430240727594,NORMAL
2025-08-18,280299504001012,Mississippi,"Jackson, MS",Verizon FWA,AT&T,4.0,0.6456913339824732,0.7454963154346201,0.0,1.0,1.0,4.499430240727594,NORMAL
2025-08-18,280490002004005,Mississippi,"Jackson, MS",Verizon FWA,Comcast,4.0,0.6456913339824732,0.7454963154346201,0.0,1.0,1.0,4.499430240727594,NORMAL
2025-08-18,280490022002007,Mississippi,"Jackson, MS",Verizon FWA,Comcast,4.0,0.6456913339824732,0.7454963154346201,0.0,1.0,1.0,4.499430240727594,NORMAL
2025-08-18,060855123142005,California,"San Francisco-Oakland-San Jose, CA",T-Mobile FWA,Frontier,4.0,0.6456913339824732,0.7454963154346201,0.0,1.0,1.0,4.499430240727594,NORMAL
2025-06-19,211850303011036,Kentucky,"Louisville, KY-IN",Spectrum,AT&T,3.0,0.5609297957266964,0.6009539436299837,0.0,1.0,1.0,4.05866411249491,NORMAL
2025-06-19,220190022041000,Louisiana,"Lake Charles, LA",Fastwyre Broadband,AT&T,3.0,0.5609297957266964,0.6009539436299837,0.0,1.0,1.0,4.05866411249491,NORMAL
2025-06-19,240037026014015,Maryland,"Baltimore, MD",Comcast,Verizon,3.0,0.5609297957266964,0.6009539436299837,0.0,1.0,1.0,4.05866411249491,NORMAL
2025-06-19,261635839001002,Michigan,"Detroit, MI",Comcast,WOW!,3.0,0.5609297957266964,0.6009539436299837,0.0,1.0,1.0,4.05866411249491,NORMAL
2025-06-19,360810144001004,New York,"New York, NY-NJ-CT-PA",Verizon,Spectrum,3.0,0.5609297957266964,0.6009539436299837,0.0,1.0,1.0,4.05866411249491,NORMAL
2025-06-19,390490046101008,Ohio,"Columbus, OH",Atlantic Broadband,Spectrum,3.0,0.5609297957266964,0.6009539436299837,0.0,1.0,1.0,4.05866411249491,NORMAL
2025-06-19,390630007004000,Ohio,"Toledo, OH-MI",AT&T,Spectrum,3.0,0.5609297957266964,0.6009539436299837,0.0,1.0,1.0,4.05866411249491,NORMAL
2025-06-19,120890503044001,,,Comcast,AT&T,3.0,0.5609297957266964,0.6009539436299837,0.0,1.0,1.0,4.05866411249491,NORMAL
2025-06-19,480610129004008,,,Smartcom Telephone,Spectrum,3.0,0.5609297957266964,0.6009539436299837,0.0,1.0,1.0,4.05866411249491,NORMAL
2025-06-19,483030023011014,,,Vexus Fiber,Altice,3.0,0.5609297957266964,0.6009539436299837,0.0,1.0,1.0,4.05866411249491,NORMAL
2025-06-19,130630406282005,,,AT&T,Comcast,3.0,0.5609297957266964,0.6009539436299837,0.0,1.0,1.0,4.05866411249491,NORMAL
2025-06-19,480319502013008,,,Guadalupe Valley Telephone Cooperative,Frontier,3.0,0.5609297957266964,0.6009539436299837,0.0,1.0,1.0,4.05866411249491,NORMAL
2025-06-19,482012510003000,,,Tachus,Altice,3.0,0.5609297957266964,0.6009539436299837,0.0,1.0,1.0,4.05866411249491,NORMAL
2025-06-19,130890219083007,,,AT&T,Comcast,3.0,0.5609297957266964,0.6009539436299837,0.0,1.0,1.0,4.05866411249491,NORMAL
2025-06-19,190570004002002,Iowa,"Davenport-Rock Island-Moline, IA-IL",ImOn Communications,Mediacom,3.0,0.5609297957266964,0.6009539436299837,0.0,1.0,1.0,4.05866411249491,NORMAL
2025-06-19,121050105011012,Florida,"Tampa-St. Petersburg, FL",Frontier,Spectrum,3.0,0.5609297957266964,0.6009539436299837,0.0,1.0,1.0,4.05866411249491,NORMAL
2025-06-19,120090646022005,Florida,"Orlando-Daytona Beach-Melbourne, FL",Spectrum,AT&T,3.0,0.5609297957266964,0.6009539436299837,0.0,1.0,1.0,4.05866411249491,NORMAL
2025-06-19,060374820011009,California,"Los Angeles, CA-NV",Spectrum,AT&T,3.0,0.5609297957266964,0.6009539436299837,0.0,1.0,1.0,4.05866411249491,NORMAL
2025-06-19,060230006004023,California,"Eureka, CA",Vero Fiber Networks,Altice,3.0,0.5609297957266964,0.6009539436299837,0.0,1.0,1.0,4.05866411249491,NORMAL
2025-06-19,060710008261004,California,"Los Angeles, CA-NV",Spectrum,Frontier,3.0,0.5609297957266964,0.6009539436299837,0.0,1.0,1.0,4.05866411249491,NORMAL
2025-06-19,471630410001002,Tennessee,"Tri-Cities, TN-VA-KY",Brightspeed,Spectrum,3.0,0.5609297957266964,0.6009539436299837,0.0,1.0,1.0,4.05866411249491,NORMAL
2025-06-19,060650426263024,,,Frontier,Spectrum,3.0,0.5609297957266964,0.6009539436299837,0.0,1.0,1.0,4.05866411249491,NORMAL
2025-06-19,060290038173007,,,AT&T,Spectrum,3.0,0.5609297957266964,0.6009539436299837,0.0,1.0,1.0,4.05866411249491,NORMAL
2025-06-19,484230011014003,Texas,"Tyler-Longview, TX",Vexus Fiber,Altice,3.0,0.5609297957266964,0.6009539436299837,0.0,1.0,1.0,4.05866411249491,NORMAL
2025-06-19,391730205002002,Ohio,"Toledo, OH-MI",Buckeye,AT&T,3.0,0.5609297957266964,0.6009539436299837,0.0,1.0,1.0,4.05866411249491,NORMAL
2025-06-19,480610129001002,Texas,"Harlingen-Weslaco-Brownsville-McAllen, TX",Smartcom Telephone,Spectrum,3.0,0.5609297957266964,0.6009539436299837,0.0,1.0,1.0,4.05866411249491,NORMAL
2025-06-19,484391135171009,Texas,"Dallas-Ft. Worth, TX",AT&T,Spectrum,3.0,0.5609297957266964,0.6009539436299837,0.0,1.0,1.0,4.05866411249491,NORMAL
2025-06-19,420710115021024,Pennsylvania,"Harrisburg-Lancaster-Lebanon-York, PA",Brightspeed,Comcast,3.0,0.5609297957266964,0.6009539436299837,0.0,1.0,1.0,4.05866411249491,NORMAL
2025-06-19,560050001031000,,,Visionary Communications,Spectrum,3.0,0.5609297957266964,0.6009539436299837,0.0,1.0,1.0,4.05866411249491,NORMAL
2025-08-15,271090006004002,Minnesota,"Rochester-Mason City-Austin, MN-IA-IL",Metronet,Spectrum,3.0,0.5753306497987349,0.6575914857374394,0.0,1.0,1.0,3.6871969950799786,NORMAL
2025-08-15,340130082001003,New Jersey,"New York, NY-NJ-CT-PA",Verizon,Altice,3.0,0.5753306497987349,0.6575914857374394,0.0,1.0,1.0,3.6871969950799786,NORMAL
2025-08-15,360050035001003,New York,"New York, NY-NJ-CT-PA",Verizon,Altice,3.0,0.5753306497987349,0.6575914857374394,0.0,1.0,1.0,3.6871969950799786,NORMAL
2025-08-15,360810459001005,New York,"New York, NY-NJ-CT-PA",Verizon,Spectrum,3.0,0.5753306497987349,0.6575914857374394,0.0,1.0,1.0,3.6871969950799786,NORMAL
2025-08-15,390351069003000,Ohio,"Cleveland-Akron, OH",T-Mobile FWA,Spectrum,3.0,0.5753306497987349,0.6575914857374394,0.0,1.0,1.0,3.6871969950799786,NORMAL
2025-08-15,060290026001005,California,"Bakersfield, CA",AT&T,Spectrum,3.0,0.5753306497987349,0.6575914857374394,0.0,1.0,1.0,3.6871969950799786,NORMAL
2025-08-15,060670080092003,California,"Sacramento-Stockton-Modesto, CA",AT&T,Comcast,3.0,0.5753306497987349,0.6575914857374394,0.0,1.0,1.0,3.6871969950799786,NORMAL
2025-08-15,060374333021007,California,"Los Angeles, CA-NV",AT&T,Spectrum,3.0,0.5753306497987349,0.6575914857374394,0.0,1.0,1.0,3.6871969950799786,NORMAL
2025-08-15,060376014023005,California,"Los Angeles, CA-NV",AT&T,Spectrum,3.0,0.5753306497987349,0.6575914857374394,0.0,1.0,1.0,3.6871969950799786,NORMAL
2025-08-15,060590218222003,California,"Los Angeles, CA-NV",AT&T,Spectrum,3.0,0.5753306497987349,0.6575914857374394,0.0,1.0,1.0,3.6871969950799786,NORMAL
2025-08-15,060590626273000,California,"Los Angeles, CA-NV",AT&T,Cox Communications,3.0,0.5753306497987349,0.6575914857374394,0.0,1.0,1.0,3.6871969950799786,NORMAL
2025-08-15,060650415001006,California,"Los Angeles, CA-NV",AT&T,Spectrum,3.0,0.5753306497987349,0.6575914857374394,0.0,1.0,1.0,3.6871969950799786,NORMAL
2025-08-15,060650432114000,California,"Los Angeles, CA-NV",Frontier,Spectrum,3.0,0.5753306497987349,0.6575914857374394,0.0,1.0,1.0,3.6871969950799786,NORMAL
2025-08-15,060375775012015,California,"Los Angeles, CA-NV",Frontier,Spectrum,3.0,0.5753306497987349,0.6575914857374394,0.0,1.0,1.0,3.6871969950799786,NORMAL
2025-08-15,131850103021025,Georgia,"Tallahassee-Thomasville, FL-GA",Metronet,Mediacom,3.0,0.5753306497987349,0.6575914857374394,0.0,1.0,1.0,3.6871969950799786,NORMAL
2025-08-15,121050124051008,Florida,"Tampa-St. Petersburg, FL",WhiteSky Communications,Frontier,3.0,0.5753306497987349,0.6575914857374394,0.0,1.0,1.0,3.6871969950799786,NORMAL
2025-08-15,060710008082007,California,"Los Angeles, CA-NV",Frontier,Spectrum,3.0,0.5753306497987349,0.6575914857374394,0.0,1.0,1.0,3.6871969950799786,NORMAL
2025-08-15,060952529103006,California,"Sacramento-Stockton-Modesto, CA",AT&T,Comcast,3.0,0.5753306497987349,0.6575914857374394,0.0,1.0,1.0,3.6871969950799786,NORMAL
2025-08-15,060650449271009,California,"Palm Springs, CA",Frontier,Spectrum,3.0,0.5753306497987349,0.6575914857374394,0.0,1.0,1.0,3.6871969950799786,NORMAL
2025-08-15,482150227061005,,,Frontier,Spectrum,3.0,0.5753306497987349,0.6575914857374394,0.0,1.0,1.0,3.6871969950799786,NORMAL
2025-08-15,530630045003034,Washington,"Spokane, WA-ID-MT-OR",CenturyLink,Comcast,3.0,0.5753306497987349,0.6575914857374394,0.0,1.0,1.0,3.6871969950799786,NORMAL
2025-08-15,160010103471005,,,CenturyLink,Cable One,3.0,0.5753306497987349,0.6575914857374394,0.0,1.0,1.0,3.6871969950799786,NORMAL
2025-08-15,060952508014000,,,AT&T,Comcast,3.0,0.5753306497987349,0.6575914857374394,0.0,1.0,1.0,3.6871969950799786,NORMAL
2025-08-15,060816075002021,,,AT&T,Comcast,3.0,0.5753306497987349,0.6575914857374394,0.0,1.0,1.0,3.6871969950799786,NORMAL
2025-08-15,060372611041004,,,AT&T,Spectrum,3.0,0.5753306497987349,0.6575914857374394,0.0,1.0,1.0,3.6871969950799786,NORMAL
2025-08-17,360050035001003,New York,"New York, NY-NJ-CT-PA",Altice,Verizon,3.0,0.5961453744493392,0.6971110185854585,0.0,1.0,1.0,3.4483096113276734,NORMAL
2025-08-17,440070104002003,Rhode Island,"Providence-New Bedford, RI-MA",Verizon,Cox Communications,3.0,0.5961453744493392,0.6971110185854585,0.0,1.0,1.0,3.4483096113276734,NORMAL
2025-08-17,360050310002007,New York,"New York, NY-NJ-CT-PA",Altice,Verizon,3.0,0.5961453744493392,0.6971110185854585,0.0,1.0,1.0,3.4483096113276734,NORMAL
2025-08-17,360470776003003,New York,"New York, NY-NJ-CT-PA",Altice,Verizon,3.0,0.5961453744493392,0.6971110185854585,0.0,1.0,1.0,3.4483096113276734,NORMAL
2025-08-17,370810142001017,North Carolina,"Greensboro-High Point-Winston Salem, NC-VA",Lumos,Spectrum,3.0,0.5961453744493392,0.6971110185854585,0.0,1.0,1.0,3.4483096113276734,NORMAL
2025-08-17,390610033002010,Ohio,"Cincinnati, OH-KY-IN",Cincinnati Bell,Spectrum,3.0,0.5961453744493392,0.6971110185854585,0.0,1.0,1.0,3.4483096113276734,NORMAL
2025-08-17,391535072021001,Ohio,"Cleveland-Akron, OH",AT&T,Spectrum,3.0,0.5961453744493392,0.6971110185854585,0.0,1.0,1.0,3.4483096113276734,NORMAL
2025-08-17,391559208002010,Ohio,"Youngstown, OH-PA",Brightspeed,Spectrum,3.0,0.5961453744493392,0.6971110185854585,0.0,1.0,1.0,3.4483096113276734,NORMAL
2025-08-17,420770014011010,Pennsylvania,"Philadelphia, PA-NJ-DE",Verizon,Astound Broadband,3.0,0.5961453744493392,0.6971110185854585,0.0,1.0,1.0,3.4483096113276734,NORMAL
2025-08-17,421010289011003,Pennsylvania,"Philadelphia, PA-NJ-DE",Comcast,Verizon,3.0,0.5961453744493392,0.6971110185854585,0.0,1.0,1.0,3.4483096113276734,NORMAL
2025-08-17,240178507134000,,,Verizon,Comcast,3.0,0.5961453744493392,0.6971110185854585,0.0,1.0,1.0,3.4483096113276734,NORMAL
2025-08-17,060376037051001,,,Sonic,Spectrum,3.0,0.5961453744493392,0.6971110185854585,0.0,1.0,1.0,3.4483096113276734,NORMAL
2025-08-17,181630037021019,,,AT&T,Spectrum,3.0,0.5961453744493392,0.6971110185854585,0.0,1.0,1.0,3.4483096113276734,NORMAL
2025-08-17,121010314111016,,,Frontier,Spectrum,3.0,0.5961453744493392,0.6971110185854585,0.0,1.0,1.0,3.4483096113276734,NORMAL
2025-08-17,061070029012092,,,AT&T,Comcast,3.0,0.5961453744493392,0.6971110185854585,0.0,1.0,1.0,3.4483096113276734,NORMAL
2025-08-17,060952508014000,,,AT&T,Comcast,3.0,0.5961453744493392,0.6971110185854585,0.0,1.0,1.0,3.4483096113276734,NORMAL
2025-08-17,060871104012013,,,AT&T,Spectrum,3.0,0.5961453744493392,0.6971110185854585,0.0,1.0,1.0,3.4483096113276734,NORMAL
2025-08-17,060855125121006,,,Frontier,Spectrum,3.0,0.5961453744493392,0.6971110185854585,0.0,1.0,1.0,3.4483096113276734,NORMAL
2025-08-17,060790111052012,,,AT&T,Spectrum,3.0,0.5961453744493392,0.6971110185854585,0.0,1.0,1.0,3.4483096113276734,NORMAL
2025-08-17,484850135024013,Texas,"Wichita Falls & Lawton, TX-OK",Vexus Fiber,Altice,3.0,0.5961453744493392,0.6971110185854585,0.0,1.0,1.0,3.4483096113276734,NORMAL
2025-08-17,511790102101000,Virginia,"Washington, DC-VA-MD-WV-PA",Comcast,Verizon,3.0,0.5961453744493392,0.6971110185854585,0.0,1.0,1.0,3.4483096113276734,NORMAL
2025-08-17,060290009063001,,,AT&T,Spectrum,3.0,0.5961453744493392,0.6971110185854585,0.0,1.0,1.0,3.4483096113276734,NORMAL
2025-08-17,060770052163000,,,AT&T,Comcast,3.0,0.5961453744493392,0.6971110185854585,0.0,1.0,1.0,3.4483096113276734,NORMAL
2025-08-17,060376037051001,,,AT&T,Spectrum,3.0,0.5961453744493392,0.6971110185854585,0.0,1.0,1.0,3.4483096113276734,NORMAL
2025-08-17,131850103021019,Georgia,"Tallahassee-Thomasville, FL-GA",Metronet,Mediacom,3.0,0.5961453744493392,0.6971110185854585,0.0,1.0,1.0,3.4483096113276734,NORMAL
2025-08-17,290770026001014,Missouri,"Springfield, MO-AR",Brightspeed,Mediacom,3.0,0.5961453744493392,0.6971110185854585,0.0,1.0,1.0,3.4483096113276734,NORMAL
2025-08-17,180973904051007,Indiana,"Indianapolis, IN",AT&T,Comcast,3.0,0.5961453744493392,0.6971110185854585,0.0,1.0,1.0,3.4483096113276734,NORMAL
2025-08-17,190130014005012,Iowa,"Cedar Rapids-Waterloo-Iowa City & Dubuque, IA",Metronet,Mediacom,3.0,0.5961453744493392,0.6971110185854585,0.0,1.0,1.0,3.4483096113276734,NORMAL
2025-08-17,190570005003031,Iowa,"Davenport-Rock Island-Moline, IA-IL",ImOn Communications,Mediacom,3.0,0.5961453744493392,0.6971110185854585,0.0,1.0,1.0,3.4483096113276734,NORMAL
2025-08-17,191530010001006,Iowa,"Des Moines-Ames, IA",Google Fiber,Mediacom,3.0,0.5961453744493392,0.6971110185854585,0.0,1.0,1.0,3.4483096113276734,NORMAL
2025-08-17,220710134002021,Louisiana,"New Orleans, LA-MS",AT&T,Cox Communications,3.0,0.5961453744493392,0.6971110185854585,0.0,1.0,1.0,3.4483096113276734,NORMAL
2025-08-17,230099654002015,Maine,"Bangor, ME",Consolidated,Spectrum,3.0,0.5961453744493392,0.6971110185854585,0.0,1.0,1.0,3.4483096113276734,NORMAL
2025-08-17,240054010002006,Maryland,"Baltimore, MD",Verizon,Comcast,3.0,0.5961453744493392,0.6971110185854585,0.0,1.0,1.0,3.4483096113276734,NORMAL
2025-08-17,010730130022000,Alabama,"Birmingham, AL",T-Mobile FWA,Spectrum,3.0,0.5961453744493392,0.6971110185854585,0.0,1.0,1.0,3.4483096113276734,NORMAL
2025-08-17,060710108032003,California,"Los Angeles, CA-NV",Frontier,Spectrum,3.0,0.5961453744493392,0.6971110185854585,0.0,1.0,1.0,3.4483096113276734,NORMAL
2025-08-17,060014366022007,California,"San Francisco-Oakland-San Jose, CA",AT&T,Comcast,3.0,0.5961453744493392,0.6971110185854585,0.0,1.0,1.0,3.4483096113276734,NORMAL
2025-08-17,060730201071016,California,"San Diego, CA",AT&T,Cox Communications,3.0,0.5961453744493392,0.6971110185854585,0.0,1.0,1.0,3.4483096113276734,NORMAL
2025-08-17,060070014001036,California,"Chico-Redding, CA",AT&T,Comcast,3.0,0.5961453744493392,0.6971110185854585,0.0,1.0,1.0,3.4483096113276734,NORMAL
2025-08-17,060470016011003,California,"Fresno-Visalia, CA",AT&T,Comcast,3.0,0.5961453744493392,0.6971110185854585,0.0,1.0,1.0,3.4483096113276734,NORMAL
2025-08-17,060371112023004,California,"Los Angeles, CA-NV",Frontier,Spectrum,3.0,0.5961453744493392,0.6971110185854585,0.0,1.0,1.0,3.4483096113276734,NORMAL
2025-08-17,060371233032004,California,"Los Angeles, CA-NV",AT&T,Spectrum,3.0,0.5961453744493392,0.6971110185854585,0.0,1.0,1.0,3.4483096113276734,NORMAL
2025-08-17,060990020041000,California,"Sacramento-Stockton-Modesto, CA",AT&T,Comcast,3.0,0.5961453744493392,0.6971110185854585,0.0,1.0,1.0,3.4483096113276734,NORMAL
2025-08-17,060372641021004,California,"Los Angeles, CA-NV",Frontier,Spectrum,3.0,0.5961453744493392,0.6971110185854585,0.0,1.0,1.0,3.4483096113276734,NORMAL
2025-08-17,060372933011002,California,"Los Angeles, CA-NV",AT&T,Spectrum,3.0,0.5961453744493392,0.6971110185854585,0.0,1.0,1.0,3.4483096113276734,NORMAL
2025-08-17,060374808033008,California,"Los Angeles, CA-NV",AT&T,Spectrum,3.0,0.5961453744493392,0.6971110185854585,0.0,1.0,1.0,3.4483096113276734,NORMAL
2025-08-17,060375320022008,California,"Los Angeles, CA-NV",AT&T,Spectrum,3.0,0.5961453744493392,0.6971110185854585,0.0,1.0,1.0,3.4483096113276734,NORMAL
2025-08-17,060376014023005,California,"Los Angeles, CA-NV",AT&T,Spectrum,3.0,0.5961453744493392,0.6971110185854585,0.0,1.0,1.0,3.4483096113276734,NORMAL
2025-08-17,060379200431001,California,"Los Angeles, CA-NV",AT&T,Spectrum,3.0,0.5961453744493392,0.6971110185854585,0.0,1.0,1.0,3.4483096113276734,NORMAL
2025-08-17,060590423173002,California,"Los Angeles, CA-NV",AT&T,Cox Communications,3.0,0.5961453744493392,0.6971110185854585,0.0,1.0,1.0,3.4483096113276734,NORMAL
2025-08-17,060770051081004,California,"Sacramento-Stockton-Modesto, CA",Frontier,Comcast,3.0,0.5961453744493392,0.6971110185854585,0.0,1.0,1.0,3.4483096113276734,NORMAL
2025-08-17,060590633022006,California,"Los Angeles, CA-NV",AT&T,Spectrum,3.0,0.5961453744493392,0.6971110185854585,0.0,1.0,1.0,3.4483096113276734,NORMAL
2025-08-17,060590744051023,California,"Los Angeles, CA-NV",AT&T,Spectrum,3.0,0.5961453744493392,0.6971110185854585,0.0,1.0,1.0,3.4483096113276734,NORMAL
2025-08-17,060670032021006,California,"Sacramento-Stockton-Modesto, CA",AT&T,Comcast,3.0,0.5961453744493392,0.6971110185854585,0.0,1.0,1.0,3.4483096113276734,NORMAL
2025-08-17,060659411001006,California,"Palm Springs, CA",Frontier,Spectrum,3.0,0.5961453744493392,0.6971110185854585,0.0,1.0,1.0,3.4483096113276734,NORMAL
2025-08-17,060650449271009,California,"Palm Springs, CA",Frontier,Spectrum,3.0,0.5961453744493392,0.6971110185854585,0.0,1.0,1.0,3.4483096113276734,NORMAL
2025-08-17,080410020001012,Colorado,"Colorado Springs-Pueblo, CO",CenturyLink,Comcast,3.0,0.5961453744493392,0.6971110185854585,0.0,1.0,1.0,3.4483096113276734,NORMAL
2025-08-17,481350025013013,,,AT&T,Astound Broadband,3.0,0.5961453744493392,0.6971110185854585,0.0,1.0,1.0,3.4483096113276734,NORMAL
2025-08-17,483396919002026,,,Comcast,AT&T,3.0,0.5961453744493392,0.6971110185854585,0.0,1.0,1.0,3.4483096113276734,NORMAL
2025-08-17,360050117021000,,,Altice,Verizon,3.0,0.5961453744493392,0.6971110185854585,0.0,1.0,1.0,3.4483096113276734,NORMAL
2025-08-17,470650104326000,,,Comcast,EPB Fiber,3.0,0.5961453744493392,0.6971110185854585,0.0,1.0,1.0,3.4483096113276734,NORMAL
2025-08-17,481210215312008,,,Spectrum,AT&T,3.0,0.5961453744493392,0.6971110185854585,0.0,1.0,1.0,3.4483096113276734,NORMAL
2025-08-16,390479261003010,Ohio,"Columbus, OH",Shentel,Spectrum,3.0,0.6002000666888962,0.6962388995444343,0.0,1.0,1.0,3.446805306169118,NORMAL
2025-08-16,420770014011010,Pennsylvania,"Philadelphia, PA-NJ-DE",Verizon,Astound Broadband,3.0,0.6002000666888962,0.6962388995444343,0.0,1.0,1.0,3.446805306169118,NORMAL
2025-08-16,420912089032007,Pennsylvania,"Philadelphia, PA-NJ-DE",Verizon,Comcast,3.0,0.6002000666888962,0.6962388995444343,0.0,1.0,1.0,3.446805306169118,NORMAL
2025-08-16,390479260002009,Ohio,"Columbus, OH",Verizon FWA,Spectrum,3.0,0.6002000666888962,0.6962388995444343,0.0,1.0,1.0,3.446805306169118,NORMAL
2025-08-16,470459643003008,Tennessee,"Memphis, TN-MS-AR",Ritter Communications,Cable One,3.0,0.6002000666888962,0.6962388995444343,0.0,1.0,1.0,3.446805306169118,NORMAL
2025-08-16,482150208042001,Texas,"Harlingen-Weslaco-Brownsville-McAllen, TX",AT&T,Spectrum,3.0,0.6002000666888962,0.6962388995444343,0.0,1.0,1.0,3.446805306169118,NORMAL
2025-08-16,390610037001015,Ohio,"Cincinnati, OH-KY-IN",Cincinnati Bell,Spectrum,3.0,0.6002000666888962,0.6962388995444343,0.0,1.0,1.0,3.446805306169118,NORMAL
2025-08-16,481576717002020,Texas,"Houston, TX",Ezee Fiber,Comcast,3.0,0.6002000666888962,0.6962388995444343,0.0,1.0,1.0,3.446805306169118,NORMAL
2025-08-16,391559211002010,Ohio,"Youngstown, OH-PA",Brightspeed,Spectrum,3.0,0.6002000666888962,0.6962388995444343,0.0,1.0,1.0,3.446805306169118,NORMAL
2025-08-16,060830025031030,,,Frontier,Comcast,3.0,0.6002000666888962,0.6962388995444343,0.0,1.0,1.0,3.446805306169118,NORMAL
2025-08-16,051199803003003,,,Brightspeed,Comcast,3.0,0.6002000666888962,0.6962388995444343,0.0,1.0,1.0,3.446805306169118,NORMAL
2025-08-16,061110075064013,,,AT&T,Spectrum,3.0,0.6002000666888962,0.6962388995444343,0.0,1.0,1.0,3.446805306169118,NORMAL
2025-08-16,060371310241002,,,AT&T,Spectrum,3.0,0.6002000666888962,0.6962388995444343,0.0,1.0,1.0,3.446805306169118,NORMAL
2025-08-16,010970068041013,,,Comcast,AT&T,3.0,0.6002000666888962,0.6962388995444343,0.0,1.0,1.0,3.446805306169118,NORMAL
2025-08-16,551010009013013,Wisconsin,"Milwaukee, WI",AT&T,Spectrum,3.0,0.6002000666888962,0.6962388995444343,0.0,1.0,1.0,3.446805306169118,NORMAL
2025-08-16,060650491021000,,,Frontier,Spectrum,3.0,0.6002000666888962,0.6962388995444343,0.0,1.0,1.0,3.446805306169118,NORMAL
2025-08-16,550150203042001,Wisconsin,"Green Bay-Appleton, WI-MI",TDS Telecom,Spectrum,3.0,0.6002000666888962,0.6962388995444343,0.0,1.0,1.0,3.446805306169118,NORMAL
2025-08-16,120950170251000,,,T-Mobile FWA,Spectrum,3.0,0.6002000666888962,0.6962388995444343,0.0,1.0,1.0,3.446805306169118,NORMAL
2025-08-16,120860100251005,,,AT&T,Comcast,3.0,0.6002000666888962,0.6962388995444343,0.0,1.0,1.0,3.446805306169118,NORMAL
2025-08-16,511539004091005,Virginia,"Washington, DC-VA-MD-WV-PA",Comcast,Verizon,3.0,0.6002000666888962,0.6962388995444343,0.0,1.0,1.0,3.446805306169118,NORMAL
2025-08-16,120570007022006,,,Frontier,Spectrum,3.0,0.6002000666888962,0.6962388995444343,0.0,1.0,1.0,3.446805306169118,NORMAL
2025-08-16,061110056021001,,,Frontier,Spectrum,3.0,0.6002000666888962,0.6962388995444343,0.0,1.0,1.0,3.446805306169118,NORMAL
2025-08-16,490279741004056,Utah,"Salt Lake City, UT-WY-NV-ID",Central Utah Telephone,Frontier,3.0,0.6002000666888962,0.6962388995444343,0.0,1.0,1.0,3.446805306169118,NORMAL
2025-08-16,311119602002095,Nebraska,"North Platte, NE",Spectrum,Allo Communications,3.0,0.6002000666888962,0.6962388995444343,0.0,1.0,1.0,3.446805306169118,NORMAL
2025-08-16,340230077031001,New Jersey,"New York, NY-NJ-CT-PA",Verizon FWA,Altice,3.0,0.6002000666888962,0.6962388995444343,0.0,1.0,1.0,3.446805306169118,NORMAL
2025-08-16,360290086004004,New York,"Buffalo, NY-PA",Verizon,Spectrum,3.0,0.6002000666888962,0.6962388995444343,0.0,1.0,1.0,3.446805306169118,NORMAL
2025-08-16,360050332012000,New York,"New York, NY-NJ-CT-PA",Altice,Verizon,3.0,0.6002000666888962,0.6962388995444343,0.0,1.0,1.0,3.446805306169118,NORMAL
2025-08-16,360470616001002,New York,"New York, NY-NJ-CT-PA",Altice,Verizon,3.0,0.6002000666888962,0.6962388995444343,0.0,1.0,1.0,3.446805306169118,NORMAL
2025-08-16,240054524001002,Maryland,"Baltimore, MD",Comcast,Verizon,3.0,0.6002000666888962,0.6962388995444343,0.0,1.0,1.0,3.446805306169118,NORMAL
2025-08-16,360810107011000,New York,"New York, NY-NJ-CT-PA",Verizon,Altice,3.0,0.6002000666888962,0.6962388995444343,0.0,1.0,1.0,3.446805306169118,NORMAL
2025-08-16,260810029002001,Michigan,"Grand Rapids-Kalamazoo-Battle Creek, MI",AT&T,Comcast,3.0,0.6002000666888962,0.6962388995444343,0.0,1.0,1.0,3.446805306169118,NORMAL
2025-08-16,230010205001002,Maine,"Portland-Auburn, ME-NH",Spectrum,Consolidated,3.0,0.6002000666888962,0.6962388995444343,0.0,1.0,1.0,3.446805306169118,NORMAL
2025-08-16,360594070006004,New York,"New York, NY-NJ-CT-PA",Altice,Verizon,3.0,0.6002000666888962,0.6962388995444343,0.0,1.0,1.0,3.446805306169118,NORMAL
2025-08-16,060599901000007,California,"Los Angeles, CA-NV",Frontier,Spectrum,3.0,0.6002000666888962,0.6962388995444343,0.0,1.0,1.0,3.446805306169118,NORMAL
2025-08-16,060590878061001,California,"Los Angeles, CA-NV",AT&T,Spectrum,3.0,0.6002000666888962,0.6962388995444343,0.0,1.0,1.0,3.446805306169118,NORMAL
2025-08-16,060650426221004,California,"Los Angeles, CA-NV",Frontier,Spectrum,3.0,0.6002000666888962,0.6962388995444343,0.0,1.0,1.0,3.446805306169118,NORMAL
2025-08-16,060590218222003,California,"Los Angeles, CA-NV",AT&T,Spectrum,3.0,0.6002000666888962,0.6962388995444343,0.0,1.0,1.0,3.446805306169118,NORMAL
2025-08-16,060375545172006,California,"Los Angeles, CA-NV",Frontier,Spectrum,3.0,0.6002000666888962,0.6962388995444343,0.0,1.0,1.0,3.446805306169118,NORMAL
2025-08-16,060375535022000,California,"Los Angeles, CA-NV",AT&T,Spectrum,3.0,0.6002000666888962,0.6962388995444343,0.0,1.0,1.0,3.446805306169118,NORMAL
2025-08-16,490451311022014,,,All West Communications,Comcast,3.0,0.6002000666888962,0.6962388995444343,0.0,1.0,1.0,3.446805306169118,NORMAL
2025-08-16,060650433041015,California,"Los Angeles, CA-NV",Frontier,Spectrum,3.0,0.6002000666888962,0.6962388995444343,0.0,1.0,1.0,3.446805306169118,NORMAL
2025-08-16,060770003002019,California,"Sacramento-Stockton-Modesto, CA",AT&T,Comcast,3.0,0.6002000666888962,0.6962388995444343,0.0,1.0,1.0,3.446805306169118,NORMAL
2025-08-16,060375421041019,California,"Los Angeles, CA-NV",AT&T,Spectrum,3.0,0.6002000666888962,0.6962388995444343,0.0,1.0,1.0,3.446805306169118,NORMAL
2025-08-16,060374013042012,California,"Los Angeles, CA-NV",Frontier,Spectrum,3.0,0.6002000666888962,0.6962388995444343,0.0,1.0,1.0,3.446805306169118,NORMAL
2025-08-16,060952529103006,California,"Sacramento-Stockton-Modesto, CA",AT&T,Comcast,3.0,0.6002000666888962,0.6962388995444343,0.0,1.0,1.0,3.446805306169118,NORMAL
2025-08-16,060372732001005,California,"Los Angeles, CA-NV",Frontier,Spectrum,3.0,0.6002000666888962,0.6962388995444343,0.0,1.0,1.0,3.446805306169118,NORMAL
2025-08-16,060371432001000,California,"Los Angeles, CA-NV",AT&T,Spectrum,3.0,0.6002000666888962,0.6962388995444343,0.0,1.0,1.0,3.446805306169118,NORMAL
2025-08-16,060990039093005,California,"Sacramento-Stockton-Modesto, CA",AT&T,Spectrum,3.0,0.6002000666888962,0.6962388995444343,0.0,1.0,1.0,3.446805306169118,NORMAL
2025-08-16,060371374021022,California,"Los Angeles, CA-NV",AT&T,Spectrum,3.0,0.6002000666888962,0.6962388995444343,0.0,1.0,1.0,3.446805306169118,NORMAL
2025-08-16,040270001001037,Arizona,"Yuma-El Centro, AZ-CA",Allo Communications,Spectrum,3.0,0.6002000666888962,0.6962388995444343,0.0,1.0,1.0,3.446805306169118,NORMAL
2025-08-16,060371112023004,California,"Los Angeles, CA-NV",Frontier,Spectrum,3.0,0.6002000666888962,0.6962388995444343,0.0,1.0,1.0,3.446805306169118,NORMAL
2025-08-16,484279506021005,,,Spectrum,Frontier,3.0,0.6002000666888962,0.6962388995444343,0.0,1.0,1.0,3.446805306169118,NORMAL
2025-08-16,060190049011004,California,"Fresno-Visalia, CA",AT&T,Comcast,3.0,0.6002000666888962,0.6962388995444343,0.0,1.0,1.0,3.446805306169118,NORMAL
2025-08-16,060290038112004,California,"Bakersfield, CA",AT&T,Spectrum,3.0,0.6002000666888962,0.6962388995444343,0.0,1.0,1.0,3.446805306169118,NORMAL
2025-08-16,011170303142044,Alabama,"Birmingham, AL",AT&T,Spectrum,3.0,0.6002000666888962,0.6962388995444343,0.0,1.0,1.0,3.446805306169118,NORMAL
2025-08-16,060730201071016,California,"San Diego, CA",AT&T,Cox Communications,3.0,0.6002000666888962,0.6962388995444343,0.0,1.0,1.0,3.446805306169118,NORMAL
2025-08-16,271711001014004,,,T-Mobile FWA,Spectrum,3.0,0.6002000666888962,0.6962388995444343,0.0,1.0,1.0,3.446805306169118,NORMAL
2025-08-16,481677213011002,,,Frontier,Comcast,3.0,0.6002000666888962,0.6962388995444343,0.0,1.0,1.0,3.446805306169118,NORMAL
2025-08-16,470650104326000,,,Comcast,EPB Fiber,3.0,0.6002000666888962,0.6962388995444343,0.0,1.0,1.0,3.446805306169118,NORMAL
2025-08-16,480410020202006,,,Frontier,Altice,3.0,0.6002000666888962,0.6962388995444343,0.0,1.0,1.0,3.446805306169118,NORMAL
2025-08-16,060839900000016,California,"Santa Barbara-Santa Maria-San Luis Obispo, CA",Frontier,Cox Communications,3.0,0.6002000666888962,0.6962388995444343,0.0,1.0,1.0,3.446805306169118,NORMAL
2025-08-16,450479708021022,,,Brightspeed,Vyve Broadband,3.0,0.6002000666888962,0.6962388995444343,0.0,1.0,1.0,3.446805306169118,NORMAL
2025-08-16,390930975003007,,,Brightspeed,Spectrum,3.0,0.6002000666888962,0.6962388995444343,0.0,1.0,1.0,3.446805306169118,NORMAL
2025-08-16,291892112022035,,,AT&T,Spectrum,3.0,0.6002000666888962,0.6962388995444343,0.0,1.0,1.0,3.446805306169118,NORMAL
2025-08-16,210590004011007,,,AT&T,Spectrum,3.0,0.6002000666888962,0.6962388995444343,0.0,1.0,1.0,3.446805306169118,NORMAL
2025-08-16,190570004002002,Iowa,"Davenport-Rock Island-Moline, IA-IL",ImOn Communications,Mediacom,3.0,0.6002000666888962,0.6962388995444343,0.0,1.0,1.0,3.446805306169118,NORMAL
2025-08-16,190450001003029,Iowa,"Davenport-Rock Island-Moline, IA-IL",ImOn Communications,Mediacom,3.0,0.6002000666888962,0.6962388995444343,0.0,1.0,1.0,3.446805306169118,NORMAL
2025-08-16,180670006002008,Indiana,"Indianapolis, IN",Metronet,Comcast,3.0,0.6002000666888962,0.6962388995444343,0.0,1.0,1.0,3.446805306169118,NORMAL
2025-08-16,180030108121026,Indiana,"Ft. Wayne, IN-OH",Frontier,Comcast,3.0,0.6002000666888962,0.6962388995444343,0.0,1.0,1.0,3.446805306169118,NORMAL
2025-08-16,120970416004059,Florida,"Orlando-Daytona Beach-Melbourne, FL",T-Mobile FWA,Spectrum,3.0,0.6002000666888962,0.6962388995444343,0.0,1.0,1.0,3.446805306169118,NORMAL
2025-08-16,080410047021000,Colorado,"Colorado Springs-Pueblo, CO",CenturyLink,Comcast,3.0,0.6002000666888962,0.6962388995444343,0.0,1.0,1.0,3.446805306169118,NORMAL
2025-08-16,060971515033000,California,"San Francisco-Oakland-San Jose, CA",AT&T,Comcast,3.0,0.6002000666888962,0.6962388995444343,0.0,1.0,1.0,3.446805306169118,NORMAL
2025-08-18,410470010003010,Oregon,"Portland, OR",T-Mobile FWA,Comcast,3.0,0.6456913339824732,0.7454963154346201,0.0,1.0,1.0,3.15804198796741,NORMAL
2025-08-18,410470010003010,Oregon,"Portland, OR-WA",T-Mobile FWA,Comcast,3.0,0.6456913339824732,0.7454963154346201,0.0,1.0,1.0,3.15804198796741,NORMAL
2025-08-18,060650487003002,,,Frontier,Spectrum,3.0,0.6456913339824732,0.7454963154346201,0.0,1.0,1.0,3.15804198796741,NORMAL
2025-08-18,190570005003031,Iowa,"Davenport-Rock Island-Moline, IA-IL",ImOn Communications,Mediacom,3.0,0.6456913339824732,0.7454963154346201,0.0,1.0,1.0,3.15804198796741,NORMAL
2025-08-18,360470660001002,New York,"New York, NY",T-Mobile FWA,Verizon,3.0,0.6456913339824732,0.7454963154346201,0.0,1.0,1.0,3.15804198796741,NORMAL
2025-08-18,360470660001002,New York,"New York, NY-NJ-CT-PA",T-Mobile FWA,Verizon,3.0,0.6456913339824732,0.7454963154346201,0.0,1.0,1.0,3.15804198796741,NORMAL
2025-08-18,370650203004025,North Carolina,"Raleigh-Durham, NC",Brightspeed,Altice,3.0,0.6456913339824732,0.7454963154346201,0.0,1.0,1.0,3.15804198796741,NORMAL
2025-08-18,370650203004025,North Carolina,"Raleigh-Durham, NC-VA",Brightspeed,Altice,3.0,0.6456913339824732,0.7454963154346201,0.0,1.0,1.0,3.15804198796741,NORMAL
2025-08-18,190570005003031,Iowa,"Davenport, IA-Rock Island-Moline, IL",ImOn Communications,Mediacom,3.0,0.6456913339824732,0.7454963154346201,0.0,1.0,1.0,3.15804198796741,NORMAL
2025-08-18,060374030003008,California,"Los Angeles, CA",Frontier,Spectrum,3.0,0.6456913339824732,0.7454963154346201,0.0,1.0,1.0,3.15804198796741,NORMAL
2025-08-18,060374077022006,California,"Los Angeles, CA",Frontier,Spectrum,3.0,0.6456913339824732,0.7454963154346201,0.0,1.0,1.0,3.15804198796741,NORMAL
2025-08-18,060650487003002,California,"Los Angeles, CA",Frontier,Spectrum,3.0,0.6456913339824732,0.7454963154346201,0.0,1.0,1.0,3.15804198796741,NORMAL
2025-08-18,060374030003008,California,"Los Angeles, CA-NV",Frontier,Spectrum,3.0,0.6456913339824732,0.7454963154346201,0.0,1.0,1.0,3.15804198796741,NORMAL
2025-08-18,060374077022006,California,"Los Angeles, CA-NV",Frontier,Spectrum,3.0,0.6456913339824732,0.7454963154346201,0.0,1.0,1.0,3.15804198796741,NORMAL
