date,winner,loser,dma_name,state,mover_ind,remove_units,stage,pair_wins_current,pair_mu_wins,pair_sigma_wins,pair_z,pair_pct_change,dma_wins,pair_share,pair_share_mu,nat_total_wins,nat_share_current,nat_mu_share,nat_z_score,impact
2025-06-02,Spectrum,Frontier,"Los Angeles, CA",California,False,19,auto,46.0,27.928571428571427,8.956856297009276,2.0176084077024528,64.70588235294119,111.0,0.4144144144144144,0.38319672131147536,675.0,0.18174474959612277,0.15744381432572838,1.2241989384740588,19
2025-06-02,Spectrum,Frontier,"Dallas-Ft. Worth, TX",Texas,False,6,auto,13.0,7.071428571428571,3.583386574270119,1.6544604679663923,83.83838383838385,58.0,0.22413793103448276,0.17620481927710843,675.0,0.18174474959612277,0.15744381432572838,1.2241989384740588,6
2025-06-02,Spectrum,AT&T,"Cleveland-Akron, OH",Ohio,False,7,auto,15.0,8.714285714285714,4.02737882744847,1.560745724458351,72.13114754098362,27.0,0.5555555555555556,0.4854443073435609,675.0,0.18174474959612277,0.15744381432572838,1.2241989384740588,7
2025-06-02,Spectrum,T-Mobile FWA,"Dallas-Ft. Worth, TX",Texas,False,8,auto,15.0,7.928571428571429,4.698023900687242,1.5051921235211554,89.1891891891892,58.0,0.25862068965517243,0.19756297918948523,675.0,0.18174474959612277,0.15744381432572838,1.2241989384740588,8
2025-06-02,Spectrum,Verizon,"New York, NY",New York,False,9,auto,17.0,8.636363636363637,6.470044193162196,1.2926706702367492,96.84210526315789,35.0,0.4857142857142857,0.33702405227822896,675.0,0.18174474959612277,0.15744381432572838,1.2241989384740588,9
2025-06-02,Spectrum,AT&T,"Los Angeles, CA",California,False,17,auto,44.0,27.285714285714285,13.26318543608917,1.2602014647858342,61.25654450261781,111.0,0.3963963963963964,0.37437633642195295,675.0,0.18174474959612277,0.15744381432572838,1.2241989384740588,17
2025-06-02,Spectrum,AT&T,"San Antonio, TX",Texas,False,6,auto,16.0,10.714285714285714,4.250403988556155,1.243579269157853,49.33333333333334,27.0,0.5925925925925926,0.565424986951731,675.0,0.18174474959612277,0.15744381432572838,1.2241989384740588,6
2025-06-02,Spectrum,T-Mobile FWA,"Los Angeles, CA",California,False,6,auto,18.0,12.357142857142858,5.8783454351496776,0.9599396981871074,45.66473988439306,111.0,0.16216216216216217,0.1695473984319316,675.0,0.18174474959612277,0.15744381432572838,1.2241989384740588,6
2025-06-02,Spectrum,AT&T,"Dallas-Ft. Worth, TX",Texas,False,19,distributed,30.0,23.285714285714285,8.342924883060835,0.8047879860357069,28.834355828220865,58.0,0.5172413793103449,0.5802300109529025,675.0,0.18174474959612277,0.15744381432572838,1.2241989384740588,19
2025-06-02,Spectrum,Frontier,"Tampa-St. Petersburg, FL",Florida,False,11,distributed,18.0,17.214285714285715,5.7536419426651495,0.13655946851470796,4.564315352697089,31.0,0.5806451612903226,0.5821256038647343,675.0,0.18174474959612277,0.15744381432572838,1.2241989384740588,11
2025-06-04,Frontier,Spectrum,"Tampa-St. Petersburg, FL",Florida,False,23,auto,62.0,39.4,13.96321698504426,1.6185381938994743,57.360406091370564,70.0,0.8857142857142857,0.8542768644269716,281.0,0.06134031870770574,0.05386123344080311,1.2582154604103448,23
2025-06-04,Frontier,Spectrum,"Dallas-Ft. Worth, TX",Texas,False,2,distributed,16.0,12.733333333333333,6.649024274998836,0.49130015646803143,25.654450261780116,18.0,0.8888888888888888,0.8742817816616251,281.0,0.06134031870770574,0.05386123344080311,1.2582154604103448,2
2025-06-04,Frontier,Comcast,"Hartford & New Haven, CT",Connecticut,False,1,distributed,10.0,7.928571428571429,2.9473400188667047,0.7028128950744765,26.12612612612612,14.0,0.7142857142857143,0.5314205363420269,281.0,0.06134031870770574,0.05386123344080311,1.2582154604103448,1
2025-06-04,Frontier,Spectrum,"Los Angeles, CA",California,False,10,distributed,73.0,58.53333333333333,22.63646447238446,0.6390868452233518,24.715261958997726,78.0,0.9358974358974359,0.9296626834064438,281.0,0.06134031870770574,0.05386123344080311,1.2582154604103448,10
2025-06-06,Brightspeed,Spectrum,"Cleveland-Akron, OH",Ohio,False,5,auto,12.0,7.428571428571429,3.3675895445643818,1.357477955948433,61.53846153846153,12.0,1.0,1.0,113.0,0.024878907970057245,0.018198079279027828,1.6005798769164545,5
2025-06-06,Brightspeed,Spectrum,"Raleigh-Durham, NC",North Carolina,False,3,auto,10.0,7.0,3.3166247903553994,0.904534033733291,42.857142857142854,14.0,0.7142857142857143,0.5686611466958287,113.0,0.024878907970057245,0.018198079279027828,1.6005798769164545,3
2025-06-06,Frontier,Spectrum,"Harlingen-Weslaco-Brownsville-McAllen, TX",Texas,False,9,auto,14.0,5.0,3.2914029430219167,2.7343962911258997,180.0,14.0,1.0,1.0,275.0,0.06054601497137825,0.0521745831315999,1.0697752214459273,9
2025-06-06,Frontier,Spectrum,"Dallas-Ft. Worth, TX",Texas,False,10,auto,22.0,12.266666666666667,5.53516894395241,1.7584528009696496,79.3478260869565,24.0,0.9166666666666666,0.8159645232815965,275.0,0.06054601497137825,0.0521745831315999,1.0697752214459273,10
2025-06-06,Frontier,Spectrum,"Los Angeles, CA",California,False,19,auto,80.0,61.2,19.243551795712914,0.976950627388249,30.71895424836601,84.0,0.9523809523809523,0.9538370194448568,275.0,0.06054601497137825,0.0521745831315999,1.0697752214459273,19
2025-06-06,Frontier,Spectrum,"Tampa-St. Petersburg, FL",Florida,False,3,distributed,57.0,47.6,13.84506100693364,0.6789424759697668,19.747899159663863,71.0,0.8028169014084507,0.853811659192825,275.0,0.06054601497137825,0.0521745831315999,1.0697752214459273,3
2025-06-07,Cox Communications,AT&T,"Oklahoma City, OK",Oklahoma,False,6,auto,10.0,4.933333333333334,2.0165977949672227,2.5124824986476884,102.7027027027027,13.0,0.7692307692307693,0.6797900262467192,180.0,0.0216998191681736,0.017504552414340353,1.0457106007936143,6
2025-06-07,Cox Communications,AT&T,"San Diego, CA",California,False,6,auto,13.0,7.866666666666666,5.026595932305149,1.0212345297823124,65.2542372881356,21.0,0.6190476190476191,0.7254937488675485,180.0,0.0216998191681736,0.017504552414340353,1.0457106007936143,6
2025-06-14,Brightspeed,Altice,"Greenville-New Bern-Washington, NC",North Carolina,False,7,auto,10.0,3.0625,1.3889444433333777,4.994800211987201,226.53061224489795,16.0,0.625,0.48902195608782434,204.0,0.02536367027228646,0.019898820583038827,1.1837515014641848,7
2025-06-14,Brightspeed,Spectrum,"Cleveland-Akron, OH",Ohio,False,8,auto,21.0,13.3125,6.730217926139787,1.1422364155761113,57.74647887323944,25.0,0.84,0.8506929036020845,204.0,0.02536367027228646,0.019898820583038827,1.1837515014641848,8
2025-06-14,Brightspeed,Spectrum,"Waco-Temple-Bryan, TX",Texas,False,5,auto,12.0,7.9375,3.623419195548131,1.121178583198803,51.181102362204726,13.0,0.9230769230769231,0.901561760530052,204.0,0.02536367027228646,0.019898820583038827,1.1837515014641848,5
2025-06-27,T-Mobile FWA,AT&T,"Houston, TX",Texas,False,9,auto,15.0,6.0,3.8040226386411153,2.365916519154841,150.0,27.0,0.5555555555555556,0.3393025447690858,785.0,0.17106123338417956,0.15543537577322283,1.0008751119729093,9
2025-06-27,T-Mobile FWA,Cox Communications,"Phoenix, AZ",Arizona,False,7,auto,11.0,4.777777777777778,2.646986200891954,2.3506817754189737,130.2325581395349,15.0,0.7333333333333333,0.7775768535262206,785.0,0.17106123338417956,0.15543537577322283,1.0008751119729093,7
2025-06-27,T-Mobile FWA,Spectrum,"Tampa-St. Petersburg, FL",Florida,False,9,auto,16.0,7.888888888888889,3.8484357232958786,2.107638452166895,102.8169014084507,20.0,0.8,0.6099656357388317,785.0,0.17106123338417956,0.15543537577322283,1.0008751119729093,9
2025-06-27,T-Mobile FWA,Verizon,"New York, NY",New York,False,8,auto,15.0,7.62962962962963,3.5534181609797386,2.074163533947334,96.60194174757282,49.0,0.30612244897959184,0.15798520330043092,785.0,0.17106123338417956,0.15543537577322283,1.0008751119729093,8
2025-06-27,T-Mobile FWA,Comcast,"Chicago, IL",Illinois,False,13,auto,21.0,8.555555555555555,8.42310619360328,1.4774174940231752,145.45454545454547,32.0,0.65625,0.36745869720671215,785.0,0.17106123338417956,0.15543537577322283,1.0008751119729093,13
2025-06-27,T-Mobile FWA,AT&T,"Miami-Ft. Lauderdale, FL",Florida,False,6,auto,10.0,4.944444444444445,3.4380607088747714,1.4704672149928868,102.24719101123594,20.0,0.5,0.38654131112360124,785.0,0.17106123338417956,0.15543537577322283,1.0008751119729093,6
2025-06-27,T-Mobile FWA,Spectrum,"Cleveland-Akron, OH",Ohio,False,4,auto,10.0,6.388888888888889,3.310213941706681,1.0908996139534393,56.52173913043478,16.0,0.625,0.6110520722635494,785.0,0.17106123338417956,0.15543537577322283,1.0008751119729093,4
2025-06-27,T-Mobile FWA,Spectrum,"New York, NY",New York,False,5,auto,10.0,5.6923076923076925,5.049904797274743,0.853024458999112,75.67567567567566,49.0,0.20408163265306123,0.11786946833243502,785.0,0.17106123338417956,0.15543537577322283,1.0008751119729093,5
2025-06-27,T-Mobile FWA,Altice,"New York, NY",New York,False,6,auto,14.0,8.407407407407407,6.64633652276118,0.8414549238426442,66.51982378854628,49.0,0.2857142857142857,0.17409049101552337,785.0,0.17106123338417956,0.15543537577322283,1.0008751119729093,6
2025-06-27,T-Mobile FWA,Comcast,"Detroit, MI",Michigan,False,4,auto,12.0,8.88888888888889,4.587564891528721,0.678161766573811,34.99999999999999,20.0,0.6,0.5568195775891818,785.0,0.17106123338417956,0.15543537577322283,1.0008751119729093,4
2025-06-27,T-Mobile FWA,Spectrum,"Dallas-Ft. Worth, TX",Texas,False,3,distributed,15.0,14.222222222222221,7.479820346659447,0.103983483791177,5.468750000000005,27.0,0.5555555555555556,0.552728170013263,785.0,0.17106123338417956,0.15543537577322283,1.0008751119729093,3
2025-06-27,T-Mobile FWA,Comcast,"Houston, TX",Texas,False,2,distributed,10.0,9.0,3.8805700005813275,0.2576941016011038,11.11111111111111,27.0,0.37037037037037035,0.5089538171536286,785.0,0.17106123338417956,0.15543537577322283,1.0008751119729093,2
2025-06-27,T-Mobile FWA,Spectrum,"Los Angeles, CA",California,False,6,distributed,32.0,25.944444444444443,10.54665947794802,0.5741681115444279,23.340471092077095,47.0,0.6808510638297872,0.7151239850214255,785.0,0.17106123338417956,0.15543537577322283,1.0008751119729093,6
2025-06-27,T-Mobile FWA,Spectrum,"Orlando-Daytona Beach-Melbourne, FL",Florida,False,2,distributed,12.0,9.5,3.9145279934833406,0.6386466016239614,26.31578947368421,17.0,0.7058823529411765,0.7625025725457913,785.0,0.17106123338417956,0.15543537577322283,1.0008751119729093,2
2025-06-27,Verizon FWA,Spectrum,"Los Angeles, CA",California,False,69,distributed,11.0,13.222222222222221,6.7174536103002565,-0.33081318474827437,-16.806722689075627,15.0,0.7333333333333333,0.6644925156022711,455.0,0.09915014164305949,0.08548031576540432,1.346564531863507,69
2025-06-28,T-Mobile FWA,Comcast,"Harrisburg-Lancaster-Lebanon-York, PA",Pennsylvania,False,6,auto,11.0,5.0,2.4009801919951235,2.498979383505129,120.0,12.0,0.9166666666666666,0.6122448979591837,1492.0,0.18192903304475064,0.15470543394450478,0.8931327206935463,6
2025-06-28,T-Mobile FWA,Spectrum,"Tampa-St. Petersburg, FL",Florida,False,16,auto,32.0,16.11111111111111,6.694061361859472,2.373579809025725,98.62068965517243,45.0,0.7111111111111111,0.6432000834985909,1492.0,0.18192903304475064,0.15470543394450478,0.8931327206935463,16
2025-06-28,T-Mobile FWA,Comcast,"Boston, MA",Massachusetts,False,11,auto,16.0,5.925925925925926,4.3138945988151605,2.335261987356155,170.00000000000003,28.0,0.5714285714285714,0.3092385001932741,1492.0,0.18192903304475064,0.15470543394450478,0.8931327206935463,11
2025-06-28,T-Mobile FWA,Spectrum,"Atlanta, GA",Georgia,False,6,auto,10.0,4.5,2.4554860546755064,2.239882401094242,122.22222222222223,41.0,0.24390243902439024,0.158203125,1492.0,0.18192903304475064,0.15470543394450478,0.8931327206935463,6
2025-06-28,T-Mobile FWA,Comcast,"Philadelphia, PA",Pennsylvania,False,9,auto,15.0,6.62962962962963,4.011024693057759,2.0868408975037536,126.25698324022345,47.0,0.3191489361702128,0.2234108941784791,1492.0,0.18192903304475064,0.15470543394450478,0.8931327206935463,9
2025-06-28,T-Mobile FWA,Comcast,"Chicago, IL",Illinois,False,32,auto,48.0,16.88888888888889,14.934043023429421,2.083234329933437,184.21052631578948,60.0,0.8,0.34773325199222177,1492.0,0.18192903304475064,0.15470543394450478,0.8931327206935463,32
2025-06-28,T-Mobile FWA,Verizon,"New York, NY",New York,False,14,auto,28.0,14.777777777777779,7.3971581514760585,1.7874732365406851,89.4736842105263,96.0,0.2916666666666667,0.1449339576322943,1492.0,0.18192903304475064,0.15470543394450478,0.8931327206935463,14
2025-06-28,T-Mobile FWA,Comcast,"Atlanta, GA",Georgia,False,11,auto,25.0,14.11111111111111,6.927259783245837,1.5718897846482653,77.16535433070867,41.0,0.6097560975609756,0.49609375,1492.0,0.18192903304475064,0.15470543394450478,0.8931327206935463,11
2025-06-28,T-Mobile FWA,Comcast,"Jacksonville, FL",Florida,False,6,auto,10.0,4.333333333333333,3.8748539009391294,1.4624207290223934,130.7692307692308,12.0,0.8333333333333334,0.6795454545454546,1492.0,0.18192903304475064,0.15470543394450478,0.8931327206935463,6
2025-06-28,T-Mobile FWA,Altice,"New York, NY",New York,False,15,auto,27.0,12.851851851851851,10.328093515722816,1.3698702598509522,110.08645533141213,96.0,0.28125,0.12604532154989004,1492.0,0.18192903304475064,0.15470543394450478,0.8931327206935463,15
2025-06-28,T-Mobile FWA,Comcast,"Detroit, MI",Michigan,False,9,auto,23.0,14.666666666666666,6.444331754705517,1.2931260603162629,56.81818181818182,30.0,0.7666666666666667,0.6268493150684931,1492.0,0.18192903304475064,0.15470543394450478,0.8931327206935463,9
2025-06-28,T-Mobile FWA,Cox Communications,"Phoenix, AZ",Arizona,False,8,auto,17.0,9.88888888888889,5.929873412882475,1.1992011660253037,71.91011235955057,20.0,0.85,0.6909525231412362,1492.0,0.18192903304475064,0.15470543394450478,0.8931327206935463,8
2025-06-28,T-Mobile FWA,Spectrum,"Raleigh-Durham, NC",North Carolina,False,4,auto,10.0,6.555555555555555,3.1664086582198565,1.087807928866926,52.54237288135594,16.0,0.625,0.5514018691588785,1492.0,0.18192903304475064,0.15470543394450478,0.8931327206935463,4
2025-06-28,T-Mobile FWA,Spectrum,"Orlando-Daytona Beach-Melbourne, FL",Florida,False,9,auto,25.0,16.555555555555557,7.935195036130991,1.0641760417979278,51.006711409395955,33.0,0.7575757575757576,0.7387397240298208,1492.0,0.18192903304475064,0.15470543394450478,0.8931327206935463,9
2025-06-28,T-Mobile FWA,Comcast,"San Francisco-Oakland-San Jose, CA",California,False,6,auto,14.0,8.61111111111111,5.203379997529761,1.0356516132681441,62.58064516129033,29.0,0.4827586206896552,0.48472456098147704,1492.0,0.18192903304475064,0.15470543394450478,0.8931327206935463,6
2025-06-28,T-Mobile FWA,AT&T,"Miami-Ft. Lauderdale, FL",Florida,False,5,auto,12.0,7.277777777777778,4.650180964923402,1.0154921405945772,64.8854961832061,28.0,0.42857142857142855,0.3598901098901099,1492.0,0.18192903304475064,0.15470543394450478,0.8931327206935463,5
2025-06-28,T-Mobile FWA,Frontier,"Tampa-St. Petersburg, FL",Florida,False,4,auto,10.0,6.466666666666667,3.522715402856695,1.003014132355974,54.63917525773196,45.0,0.2222222222222222,0.2581672059284,1492.0,0.18192903304475064,0.15470543394450478,0.8931327206935463,4
2025-06-28,T-Mobile FWA,Spectrum,"Charlotte, NC",North Carolina,False,5,auto,11.0,6.44,4.708856903042747,0.9683878898620683,70.80745341614906,18.0,0.6111111111111112,0.5997860977161581,1492.0,0.18192903304475064,0.15470543394450478,0.8931327206935463,5
2025-06-28,T-Mobile FWA,Verizon,"Philadelphia, PA",Pennsylvania,False,6,auto,11.0,5.62962962962963,5.7052482461201945,0.9413035399506839,95.39473684210526,47.0,0.23404255319148937,0.18971204421859678,1492.0,0.18192903304475064,0.15470543394450478,0.8931327206935463,6
2025-06-28,T-Mobile FWA,Frontier,"Los Angeles, CA",California,False,4,auto,12.0,8.666666666666666,3.850133687518488,0.8657708027488663,38.46153846153847,74.0,0.16216216216216217,0.13492475350285416,1492.0,0.18192903304475064,0.15470543394450478,0.8931327206935463,4
2025-06-28,T-Mobile FWA,Comcast,"Houston, TX",Texas,False,5,auto,21.0,16.055555555555557,5.994823475026768,0.8247856613363189,30.79584775086504,46.0,0.45652173913043476,0.5077046629523667,1492.0,0.18192903304475064,0.15470543394450478,0.8931327206935463,5
2025-06-28,T-Mobile FWA,Comcast,"Denver, CO",Colorado,False,3,auto,11.0,8.055555555555555,3.7647314133121217,0.7821127515319857,36.55172413793103,16.0,0.6875,0.7114818449460256,1492.0,0.18192903304475064,0.15470543394450478,0.8931327206935463,3
2025-06-28,T-Mobile FWA,Spectrum,"Milwaukee, WI",Wisconsin,False,3,auto,10.0,7.5,3.258473117707668,0.7672305124796448,33.33333333333333,12.0,0.8333333333333334,0.7750759878419453,1492.0,0.18192903304475064,0.15470543394450478,0.8931327206935463,3
2025-06-28,T-Mobile FWA,AT&T,"Houston, TX",Texas,False,4,auto,13.0,9.944444444444445,4.221405149699386,0.7238242829578078,30.72625698324022,46.0,0.2826086956521739,0.31446067359333435,1492.0,0.18192903304475064,0.15470543394450478,0.8931327206935463,4
2025-06-28,T-Mobile FWA,Spectrum,"Cleveland-Akron, OH",Ohio,False,5,distributed,14.0,10.777777777777779,4.2916547686871045,0.7508111429960053,29.896907216494835,21.0,0.6666666666666666,0.7054545454545454,1492.0,0.18192903304475064,0.15470543394450478,0.8931327206935463,5
2025-06-28,T-Mobile FWA,Spectrum,"Columbus, OH",Ohio,False,4,distributed,11.0,8.722222222222221,3.8318411417943348,0.5944342924172384,26.11464968152867,16.0,0.6875,0.7506436189775654,1492.0,0.18192903304475064,0.15470543394450478,0.8931327206935463,4
2025-06-28,T-Mobile FWA,AT&T,"Dallas-Ft. Worth, TX",Texas,False,6,distributed,15.0,11.88888888888889,6.115447065461161,0.5087299551135113,26.168224299065418,55.0,0.2727272727272727,0.24411806644802508,1492.0,0.18192903304475064,0.15470543394450478,0.8931327206935463,6
2025-06-28,T-Mobile FWA,Spectrum,"Dallas-Ft. Worth, TX",Texas,False,12,distributed,30.0,26.666666666666668,11.214486429719061,0.29723459511260353,12.499999999999995,55.0,0.5454545454545454,0.5475545415656637,1492.0,0.18192903304475064,0.15470543394450478,0.8931327206935463,12
2025-06-28,T-Mobile FWA,Spectrum,"Los Angeles, CA",California,False,22,distributed,55.0,45.333333333333336,18.352752638548928,0.5267148125977774,21.3235294117647,74.0,0.7432432432432432,0.7057602490918526,1492.0,0.18192903304475064,0.15470543394450478,0.8931327206935463,22
2025-06-28,T-Mobile FWA,Comcast,"Miami-Ft. Lauderdale, FL",Florida,False,5,distributed,13.0,11.944444444444445,6.5392230355369225,0.16141910893988734,8.83720930232558,28.0,0.4642857142857143,0.5906593406593407,1492.0,0.18192903304475064,0.15470543394450478,0.8931327206935463,5
2025-06-28,T-Mobile FWA,Spectrum,"New York, NY",New York,False,5,distributed,12.0,10.74074074074074,10.237910666479504,0.12299963344887041,11.724137931034486,96.0,0.125,0.10534047045956227,1492.0,0.18192903304475064,0.15470543394450478,0.8931327206935463,5
2025-06-28,T-Mobile FWA,Comcast,"Seattle-Tacoma, WA",Washington,False,5,distributed,13.0,10.055555555555555,5.161762378265121,0.5704339387730744,29.281767955801108,21.0,0.6190476190476191,0.6508115882473803,1492.0,0.18192903304475064,0.15470543394450478,0.8931327206935463,5
2025-07-01,T-Mobile FWA,Comcast,"Houston, TX",Texas,False,11,auto,20.0,9.222222222222221,4.38655104442653,2.4570049837837455,116.86746987951808,30.0,0.6666666666666666,0.5641619360621452,745.0,0.19053708439897699,0.16468533072950114,0.9324025349348842,11
2025-07-01,T-Mobile FWA,Comcast,"Chicago, IL",Illinois,False,13,auto,21.0,8.407407407407407,6.743995957997119,1.8672301512369875,149.77973568281942,31.0,0.6774193548387096,0.3387806880083576,745.0,0.19053708439897699,0.16468533072950114,0.9324025349348842,13
2025-07-01,T-Mobile FWA,Altice,"New York, NY",New York,False,8,auto,15.0,7.518518518518518,6.42932207438563,1.1636501321480917,99.5073891625616,52.0,0.28846153846153844,0.1572808237486296,745.0,0.19053708439897699,0.16468533072950114,0.9324025349348842,8
2025-07-01,T-Mobile FWA,Spectrum,"Los Angeles, CA",California,False,11,auto,40.0,29.72222222222222,12.451343209164955,0.8254352647040282,34.57943925233645,56.0,0.7142857142857143,0.772005772005772,745.0,0.19053708439897699,0.16468533072950114,0.9324025349348842,11
2025-07-01,T-Mobile FWA,Verizon,"New York, NY",New York,False,4,auto,12.0,8.481481481481481,4.440810480171129,0.7923144962454988,41.48471615720525,52.0,0.23076923076923078,0.17742516570658215,745.0,0.19053708439897699,0.16468533072950114,0.9324025349348842,4
2025-07-01,T-Mobile FWA,Comcast,"Atlanta, GA",Georgia,False,17,distributed,10.0,7.944444444444445,3.2444019157388113,0.6335699487735836,25.87412587412587,20.0,0.5,0.467140661029977,745.0,0.19053708439897699,0.16468533072950114,0.9324025349348842,17
2025-07-01,T-Mobile FWA,Spectrum,"Dallas-Ft. Worth, TX",Texas,False,21,distributed,12.0,13.5,6.354711082431401,-0.23604534974799815,-11.11111111111111,23.0,0.5217391304347826,0.5389819230342685,745.0,0.19053708439897699,0.16468533072950114,0.9324025349348842,21
2025-07-01,T-Mobile FWA,Comcast,"Detroit, MI",Michigan,False,17,distributed,10.0,10.777777777777779,4.305339442183196,-0.18065422906198889,-7.216494845360831,21.0,0.47619047619047616,0.6682741991043747,745.0,0.19053708439897699,0.16468533072950114,0.9324025349348842,17
2025-07-01,T-Mobile FWA,Spectrum,"Orlando-Daytona Beach-Melbourne, FL",Florida,False,19,distributed,11.0,8.666666666666666,4.826397999239062,0.48345232483960315,26.923076923076934,14.0,0.7857142857142857,0.7841447651874192,745.0,0.19053708439897699,0.16468533072950114,0.9324025349348842,19
2025-07-02,T-Mobile FWA,Spectrum,"Cleveland-Akron, OH",Ohio,False,7,auto,12.0,5.473684210526316,2.546640947789669,2.5627153270813983,119.23076923076923,12.0,1.0,1.0,715.0,0.17417783191230207,0.14847991881252243,0.9280593704078554,7
2025-07-02,T-Mobile FWA,Altice,"New York, NY",New York,False,12,auto,19.0,7.481481481481482,5.944424474764763,1.9377012135349465,153.96039603960395,54.0,0.35185185185185186,0.13894371672946948,715.0,0.17417783191230207,0.14847991881252243,0.9280593704078554,12
2025-07-02,T-Mobile FWA,Comcast,"Atlanta, GA",Georgia,False,6,auto,13.0,7.111111111111111,3.233808333817773,1.8210383179811334,82.81250000000001,19.0,0.6842105263157895,0.4720429524377678,715.0,0.17417783191230207,0.14847991881252243,0.9280593704078554,6
2025-07-02,T-Mobile FWA,Spectrum,"Dallas-Ft. Worth, TX",Texas,False,9,auto,20.0,11.944444444444445,5.285632270290095,1.5240476718054843,67.44186046511628,31.0,0.6451612903225806,0.5561689255207416,715.0,0.17417783191230207,0.14847991881252243,0.9280593704078554,9
2025-07-02,T-Mobile FWA,Comcast,"Houston, TX",Texas,False,6,auto,14.0,8.105263157894736,4.280378187368563,1.3771532757317306,72.72727272727273,23.0,0.6086956521739131,0.4934747145187602,715.0,0.17417783191230207,0.14847991881252243,0.9280593704078554,6
2025-07-02,T-Mobile FWA,Cox Communications,"Phoenix, AZ",Arizona,False,5,auto,10.0,5.555555555555555,3.257971621264882,1.3641753093966251,80.0,11.0,0.9090909090909091,0.7304601899196493,715.0,0.17417783191230207,0.14847991881252243,0.9280593704078554,5
2025-07-02,T-Mobile FWA,Comcast,"Chicago, IL",Illinois,False,11,auto,19.0,8.925925925925926,7.760481378437245,1.2981248949408246,112.86307053941908,26.0,0.7307692307692307,0.3520226696756571,715.0,0.17417783191230207,0.14847991881252243,0.9280593704078554,11
2025-07-02,T-Mobile FWA,Spectrum,"Tampa-St. Petersburg, FL",Florida,False,4,auto,13.0,9.722222222222221,3.7699361136037304,0.8694518100585287,33.71428571428572,16.0,0.8125,0.7234866617346273,715.0,0.17417783191230207,0.14847991881252243,0.9280593704078554,4
2025-07-02,T-Mobile FWA,Verizon,"New York, NY",New York,False,5,auto,13.0,8.88888888888889,4.83045891539648,0.8510808565222368,46.24999999999999,54.0,0.24074074074074073,0.16508164363897362,715.0,0.17417783191230207,0.14847991881252243,0.9280593704078554,5
2025-07-02,T-Mobile FWA,Spectrum,"Los Angeles, CA",California,False,9,auto,34.0,25.68421052631579,12.987398300656025,0.6402967924117764,32.37704918032786,43.0,0.7906976744186046,0.7586147335693928,715.0,0.17417783191230207,0.14847991881252243,0.9280593704078554,9
2025-07-03,T-Mobile FWA,Comcast,"Jacksonville, FL",Florida,False,8,auto,10.0,2.95,2.163695668842645,3.258314051056462,238.9830508474576,15.0,0.6666666666666666,0.4721325284290327,791.0,0.18476991357159542,0.1531014748561913,1.0328547446624974,8
2025-07-03,T-Mobile FWA,AT&T,"Miami-Ft. Lauderdale, FL",Florida,False,7,auto,12.0,5.055555555555555,2.6451336499586917,2.6253661869043534,137.36263736263737,25.0,0.48,0.3794222298854178,791.0,0.18476991357159542,0.1531014748561913,1.0328547446624974,7
2025-07-03,T-Mobile FWA,Altice,"New York, NY",New York,False,15,auto,22.0,7.444444444444445,5.726680696081439,2.5417089459021867,195.52238805970148,73.0,0.3013698630136986,0.12744077012000815,791.0,0.18476991357159542,0.1531014748561913,1.0328547446624974,15
2025-07-03,T-Mobile FWA,Comcast,"Miami-Ft. Lauderdale, FL",Florida,False,7,auto,12.0,5.947368421052632,2.3915054349957128,2.530887653599758,101.76991150442475,25.0,0.48,0.44635327679984954,791.0,0.18476991357159542,0.1531014748561913,1.0328547446624974,7
2025-07-03,T-Mobile FWA,AT&T,"Dallas-Ft. Worth, TX",Texas,False,7,auto,12.0,5.842105263157895,3.975804012254584,1.5488426285253707,105.40540540540542,28.0,0.42857142857142855,0.24050821904838204,791.0,0.18476991357159542,0.1531014748561913,1.0328547446624974,7
2025-07-03,T-Mobile FWA,Spectrum,"Tampa-St. Petersburg, FL",Florida,False,8,auto,16.0,8.68421052631579,4.865440845379075,1.5036231466327128,84.24242424242424,22.0,0.7272727272727273,0.6988384778284028,791.0,0.18476991357159542,0.1531014748561913,1.0328547446624974,8
2025-07-03,T-Mobile FWA,Verizon,"New York, NY",New York,False,7,auto,17.0,10.481481481481481,5.131879025871745,1.270201126265097,62.190812720848065,73.0,0.2328767123287671,0.17943153205951395,791.0,0.18476991357159542,0.1531014748561913,1.0328547446624974,7
2025-07-03,T-Mobile FWA,Spectrum,"Orlando-Daytona Beach-Melbourne, FL",Florida,False,5,auto,13.0,8.666666666666666,4.45896321370523,0.9718253158075502,50.000000000000014,17.0,0.7647058823529411,0.6757634827810266,791.0,0.18476991357159542,0.1531014748561913,1.0328547446624974,5
2025-07-03,T-Mobile FWA,Altice,"New York, NY",New Jersey,False,6,auto,14.0,8.222222222222221,6.222374845503019,0.9285486524415102,70.27027027027029,73.0,0.1917808219178082,0.14075547744597913,791.0,0.18476991357159542,0.1531014748561913,1.0328547446624974,6
2025-07-03,T-Mobile FWA,Comcast,"Houston, TX",Texas,False,3,auto,11.0,8.052631578947368,4.778117762961179,0.6168471702183491,36.60130718954249,23.0,0.4782608695652174,0.5314550366653802,791.0,0.18476991357159542,0.1531014748561913,1.0328547446624974,3
2025-07-03,T-Mobile FWA,Spectrum,"Dallas-Ft. Worth, TX",Texas,False,19,distributed,10.0,13.31578947368421,6.864179416676655,-0.48305693549158063,-24.90118577075099,28.0,0.35714285714285715,0.5481854001733393,791.0,0.18476991357159542,0.1531014748561913,1.0328547446624974,19
2025-07-03,T-Mobile FWA,Spectrum,"Los Angeles, CA",California,False,69,distributed,36.0,28.210526315789473,12.541393451590709,0.621101133161765,27.61194029850747,50.0,0.72,0.7423427262557929,791.0,0.18476991357159542,0.1531014748561913,1.0328547446624974,69
2025-07-03,Verizon FWA,Spectrum,"Los Angeles, CA",California,False,85,distributed,13.0,11.263157894736842,5.94270893395295,0.2922643738009647,15.420560747663547,19.0,0.6842105263157895,0.6656298600311041,432.0,0.10091100210231255,0.08270066306652253,1.3359095631453555,85
2025-07-04,Comcast,Frontier,"Hartford & New Haven, CT",Connecticut,False,10,auto,14.0,4.055555555555555,2.0428417986665255,4.867946431748032,245.2054794520548,19.0,0.7368421052631579,0.5099987524492356,522.0,0.11906934306569343,0.10649110151779566,0.82411209720419,10
2025-07-04,Comcast,AT&T,"Houston, TX",Texas,False,19,auto,35.0,16.736842105263158,6.427735952392895,2.8413049369176244,109.11949685534591,44.0,0.7954545454545454,0.679227069220911,522.0,0.11906934306569343,0.10649110151779566,0.82411209720419,19
2025-07-04,Comcast,AT&T,"Jacksonville, FL",Florida,False,7,auto,11.0,4.0,2.974248450643262,2.3535357305090163,175.0,15.0,0.7333333333333333,0.596752961825362,522.0,0.11906934306569343,0.10649110151779566,0.82411209720419,7
2025-07-04,Comcast,AT&T,"Chicago, IL",Illinois,False,18,auto,27.0,9.333333333333334,8.004806248556118,2.2070074050640915,189.28571428571425,43.0,0.627906976744186,0.25595124738145114,522.0,0.11906934306569343,0.10649110151779566,0.82411209720419,18
2025-07-04,Comcast,AT&T,"Detroit, MI",Michigan,False,8,auto,18.0,10.526315789473685,4.414224746992282,1.6930910043985992,70.99999999999999,31.0,0.5806451612903226,0.435456182221664,522.0,0.11906934306569343,0.10649110151779566,0.82411209720419,8
2025-07-07,Comcast,AT&T,"Chicago, IL",Illinois,False,10,auto,17.0,7.777777777777778,7.159358229367369,1.2881353225758527,118.57142857142857,30.0,0.5666666666666667,0.25490648810898175,426.0,0.13455464308275428,0.12128157857810071,0.6510665318304435,10
2025-07-07,Comcast,AT&T,"Houston, TX",Texas,False,5,auto,18.0,13.0,3.915780041490244,1.2768847961381227,38.46153846153847,25.0,0.72,0.6315354101257732,426.0,0.13455464308275428,0.12128157857810071,0.6510665318304435,5
2025-07-07,Comcast,Verizon,"Philadelphia, PA",Pennsylvania,False,8,auto,14.0,6.0,6.391099580365952,1.251740784101806,133.33333333333331,22.0,0.6363636363636364,0.2075450489756029,426.0,0.13455464308275428,0.12128157857810071,0.6510665318304435,8
2025-07-07,Comcast,AT&T,"Sacramento-Stockton-Modesto, CA",California,False,5,auto,12.0,7.7894736842105265,4.939398831711553,0.8524369987613417,54.05405405405405,21.0,0.5714285714285714,0.5122876641551418,426.0,0.13455464308275428,0.12128157857810071,0.6510665318304435,5
2025-07-07,Comcast,AT&T,"Atlanta, GA",Georgia,False,6,distributed,17.0,13.947368421052632,6.45904778164816,0.47261325231571916,21.886792452830186,20.0,0.85,0.6901343721276316,426.0,0.13455464308275428,0.12128157857810071,0.6510665318304435,6
2025-07-07,Comcast,AT&T,"Detroit, MI",Michigan,False,4,distributed,11.0,8.894736842105264,4.026229789243216,0.522886985616002,23.66863905325443,22.0,0.5,0.44603099411247216,426.0,0.13455464308275428,0.12128157857810071,0.6510665318304435,4
2025-07-07,Comcast,AT&T,"Miami-Ft. Lauderdale, FL",Florida,False,6,distributed,16.0,13.578947368421053,5.824429294633693,0.41567207860340427,17.82945736434108,20.0,0.8,0.69819918416078,426.0,0.13455464308275428,0.12128157857810071,0.6510665318304435,6
2025-07-07,Comcast,AT&T,"San Francisco-Oakland-San Jose, CA",California,False,5,distributed,14.0,12.736842105263158,5.625755309913287,0.22453125405418892,9.917355371900829,20.0,0.7,0.6224635610174336,426.0,0.13455464308275428,0.12128157857810071,0.6510665318304435,5
2025-07-07,WOW!,Spectrum,"Tampa-St. Petersburg, FL",Florida,False,5,auto,10.0,5.052631578947368,2.6765168951565537,1.8484353414713837,97.91666666666667,11.0,0.9090909090909091,0.9309090909090909,35.0,0.011054958938723942,0.006596462097505226,1.6851047589996644,5
2025-07-08,Brightspeed,Spectrum,"Raleigh-Durham, NC",North Carolina,False,6,auto,11.0,5.105263157894737,2.2084367734794084,2.6691897693851843,115.46391752577318,12.0,0.9166666666666666,0.4655379282762299,85.0,0.022540440201538052,0.016088134570140775,1.220838935923382,6
2025-07-10,Comcast,AT&T,"San Francisco-Oakland-San Jose, CA",California,False,42,auto,55.0,13.3,5.478186407543054,7.612008226405405,313.5338345864662,62.0,0.8870967741935484,0.7287671232876712,574.0,0.13544124587069373,0.11111125355778655,1.0981808574293221,42
2025-07-10,Comcast,Verizon,"New York, NY",New Jersey,False,10,auto,13.0,3.36,2.0591260281974,4.681597856562014,286.9047619047619,21.0,0.6190476190476191,0.21271771497998596,574.0,0.13544124587069373,0.11111125355778655,1.0981808574293221,10
2025-07-10,Comcast,AT&T,"Fresno-Visalia, CA",California,False,10,auto,13.0,3.9,2.221900561515559,4.095592826077188,233.33333333333334,13.0,1.0,0.7250429620371818,574.0,0.13544124587069373,0.11111125355778655,1.0981808574293221,10
2025-07-10,Comcast,AT&T,"Sacramento-Stockton-Modesto, CA",California,False,18,auto,26.0,8.8,4.525948577515634,3.8003083122613286,195.45454545454544,34.0,0.7647058823529411,0.588134135855546,574.0,0.13544124587069373,0.11111125355778655,1.0981808574293221,18
2025-07-10,Comcast,AT&T,"Miami-Ft. Lauderdale, FL",Florida,False,19,auto,34.0,15.7,8.026928363164107,2.279826002182781,116.56050955414014,37.0,0.918918918918919,0.7671284364261168,574.0,0.13544124587069373,0.11111125355778655,1.0981808574293221,19
2025-07-10,Comcast,AT&T,"Chicago, IL",Illinois,False,17,auto,31.0,11.296296296296296,10.223708550433964,1.9272560056367554,174.4262295081967,51.0,0.6078431372549019,0.2698733070113908,574.0,0.13544124587069373,0.11111125355778655,1.0981808574293221,17
2025-07-11,Frontier,Comcast,"Hartford & New Haven, CT",Connecticut,False,4,auto,12.0,8.0,3.0368111930481,1.317171119876284,50.0,22.0,0.5454545454545454,0.5711352713359152,229.0,0.05566358774914924,0.05172756727908477,0.5119003912403967,4
2025-07-11,Frontier,Spectrum,"Dallas-Ft. Worth, TX",Texas,False,2,distributed,16.0,13.9,5.693024355805047,0.36887247774703047,15.107913669064747,17.0,0.9411764705882353,0.9011222488559599,229.0,0.05566358774914924,0.05172756727908477,0.5119003912403967,2
2025-07-11,Frontier,Spectrum,"Los Angeles, CA",California,False,6,distributed,52.0,62.1,17.185979597824563,-0.5876883504085202,-16.264090177133657,60.0,0.8666666666666667,0.9342227676715691,229.0,0.05566358774914924,0.05172756727908477,0.5119003912403967,6
2025-07-11,Frontier,Spectrum,"Tampa-St. Petersburg, FL",Florida,False,6,distributed,45.0,47.05,12.386218997443557,-0.16550651982038306,-4.357066950053129,54.0,0.8333333333333334,0.8656853725850965,229.0,0.05566358774914924,0.05172756727908477,0.5119003912403967,6
2025-07-12,Comcast,AT&T,"San Francisco-Oakland-San Jose, CA",California,False,36,auto,55.0,19.8,8.489002173090594,4.146541523052141,177.7777777777778,64.0,0.859375,0.6597332275313434,910.0,0.12219685779508527,0.10580477299461769,0.5795927163288842,36
2025-07-12,Comcast,AT&T,"Memphis, TN",Tennessee,False,12,auto,15.0,3.925925925925926,3.668220339052775,3.0189228155617482,282.07547169811323,18.0,0.8333333333333334,0.3329186466257419,910.0,0.12219685779508527,0.10580477299461769,0.5795927163288842,12
2025-07-12,Comcast,AT&T,"Sacramento-Stockton-Modesto, CA",California,False,17,auto,30.0,13.55,6.039126810357517,2.7239037226022678,121.40221402214021,38.0,0.7894736842105263,0.6400314898642,910.0,0.12219685779508527,0.10580477299461769,0.5795927163288842,17
2025-07-12,Comcast,Astound Broadband,"Chicago, IL",Illinois,False,12,auto,17.0,5.222222222222222,4.4835883065424404,2.626864237421548,225.531914893617,87.0,0.19540229885057472,0.07391042875673223,910.0,0.12219685779508527,0.10580477299461769,0.5795927163288842,12
2025-07-12,Comcast,AT&T,"Grand Rapids-Kalamazoo-Battle Creek, MI",Michigan,False,6,auto,10.0,4.55,2.3050288273114594,2.364395592551775,119.7802197802198,14.0,0.7142857142857143,0.4365794125073647,910.0,0.12219685779508527,0.10580477299461769,0.5795927163288842,6
2025-07-12,Comcast,AT&T,"Jacksonville, FL",Florida,False,10,auto,16.0,6.769230769230769,4.6673992099043105,1.9777115296204706,136.36363636363635,21.0,0.7619047619047619,0.30856404665643683,910.0,0.12219685779508527,0.10580477299461769,0.5795927163288842,10
2025-07-12,Comcast,Verizon,"Baltimore, MD",Maryland,False,9,auto,20.0,11.25,5.240279221166509,1.6697583526956052,77.77777777777779,36.0,0.5555555555555556,0.6832971800433839,910.0,0.12219685779508527,0.10580477299461769,0.5795927163288842,9
2025-07-12,Comcast,Verizon,"Philadelphia, PA",Pennsylvania,False,16,auto,26.0,10.074074074074074,9.555207705853093,1.6667273403350946,158.08823529411765,50.0,0.52,0.21265575372587345,910.0,0.12219685779508527,0.10580477299461769,0.5795927163288842,16
2025-07-12,Comcast,T-Mobile FWA,"Chicago, IL",Illinois,False,9,auto,16.0,7.555555555555555,6.43508014015804,1.3122516364243844,111.76470588235294,87.0,0.1839080459770115,0.10693423735016577,910.0,0.12219685779508527,0.10580477299461769,0.5795927163288842,9
2025-07-12,Comcast,AT&T,"Chicago, IL",Illinois,False,10,auto,36.0,18.14814814814815,15.419028463117861,1.1577805887415848,98.3673469387755,87.0,0.41379310344827586,0.2568518446155943,910.0,0.12219685779508527,0.10580477299461769,0.5795927163288842,10
2025-07-12,Cox Communications,AT&T,"Los Angeles, CA",California,False,8,auto,10.0,2.8,2.2147828692435603,3.2508830097909764,257.14285714285717,13.0,0.7692307692307693,0.5398513039793521,168.0,0.022559419900631126,0.017830636225829952,0.7975698898936628,8
2025-07-12,Cox Communications,AT&T,"Baton Rouge, LA",Louisiana,False,7,auto,11.0,4.8,2.3973669767168797,2.5861706030883553,129.16666666666669,15.0,0.7333333333333333,0.6178937558247903,168.0,0.022559419900631126,0.017830636225829952,0.7975698898936628,7
2025-07-12,Cox Communications,Verizon,"Norfolk-Portsmouth-Newport News, VA",Virginia,False,5,auto,10.0,5.05,2.704285098641939,1.8304283089404416,98.01980198019803,14.0,0.7142857142857143,0.5804612455612803,168.0,0.022559419900631126,0.017830636225829952,0.7975698898936628,5
2025-07-12,Cox Communications,CenturyLink,"Phoenix, AZ",Arizona,False,6,auto,11.0,5.6,3.7049042888411683,1.4575275308094475,96.42857142857144,22.0,0.5,0.3558742056379338,168.0,0.022559419900631126,0.017830636225829952,0.7975698898936628,6
2025-07-12,Cox Communications,AT&T,"San Diego, CA",California,False,10,distributed,12.0,9.3,5.212333551551701,0.5180021526435534,29.03225806451612,15.0,0.8,0.6877716509892962,168.0,0.022559419900631126,0.017830636225829952,0.7975698898936628,10
2025-07-13,CenturyLink,Comcast,"Denver, CO",Colorado,False,5,auto,13.0,8.8,3.4120529396769177,1.230930490896103,47.72727272727271,15.0,0.8666666666666667,0.8613376835236543,94.0,0.01642208245981831,0.012656752685209414,0.8362486773604457,5
2025-07-13,Windstream,Omni Fiber,"Harlingen-Weslaco-Brownsville-McAllen, TX",Texas,False,26,auto,26.0,,,,,26.0,1.0,,63.0,0.0110062893081761,0.006585888806916483,2.5991526351371306,26
2025-07-14,Comcast,AT&T,"San Francisco-Oakland-San Jose, CA",California,False,38,auto,50.0,12.8,5.482988044372962,6.784621760789234,290.625,61.0,0.819672131147541,0.616549114054705,547.0,0.1572742955721679,0.12194523180333339,1.4032538882868655,38
2025-07-14,Comcast,AT&T,"Fresno-Visalia, CA",California,False,8,auto,11.0,3.7,2.202868942753374,3.3138603292830044,197.2972972972973,13.0,0.8461538461538461,0.7207792207792207,547.0,0.1572742955721679,0.12194523180333339,1.4032538882868655,8
2025-07-14,Comcast,AT&T,"Sacramento-Stockton-Modesto, CA",California,False,12,auto,20.0,8.0,4.898979485566356,2.4494897427831783,150.0,27.0,0.7407407407407407,0.5366126327557295,547.0,0.1572742955721679,0.12194523180333339,1.4032538882868655,12
2025-07-14,Comcast,AT&T,"Chicago, IL",Illinois,False,15,auto,22.0,7.962962962962963,7.160154067323291,1.9604378488303338,176.27906976744188,48.0,0.4583333333333333,0.2352583696637068,547.0,0.1572742955721679,0.12194523180333339,1.4032538882868655,15
2025-07-14,Comcast,Verizon,"Philadelphia, PA",Pennsylvania,False,12,auto,18.0,6.074074074074074,6.474363205549942,1.8420229986020564,196.34146341463412,29.0,0.6206896551724138,0.2273830155979203,547.0,0.1572742955721679,0.12194523180333339,1.4032538882868655,12
2025-07-14,Comcast,AT&T,"Atlanta, GA",Georgia,False,10,auto,24.0,14.1,6.3237230872493555,1.565533446580158,70.2127659574468,33.0,0.7272727272727273,0.6261185494180179,547.0,0.1572742955721679,0.12194523180333339,1.4032538882868655,10
2025-07-14,Comcast,AT&T,"Miami-Ft. Lauderdale, FL",Florida,False,9,auto,22.0,13.7,5.694873040496024,1.4574512795946493,60.58394160583942,27.0,0.8148148148148148,0.7047727922263504,547.0,0.1572742955721679,0.12194523180333339,1.4032538882868655,9
2025-07-14,Comcast,AT&T,"Houston, TX",Texas,False,6,auto,19.0,13.25,3.971941060674703,1.447654915358503,43.39622641509434,26.0,0.7307692307692307,0.6281747375550288,547.0,0.1572742955721679,0.12194523180333339,1.4032538882868655,6
2025-07-14,Comcast,AT&T,"Detroit, MI",Michigan,False,4,auto,13.0,9.0,3.947017528263721,1.0134234194190634,44.44444444444444,23.0,0.5652173913043478,0.4488104834929979,547.0,0.1572742955721679,0.12194523180333339,1.4032538882868655,4
2025-07-14,Cox Communications,AT&T,"San Diego, CA",California,False,6,auto,10.0,4.6,2.3708759207472134,2.277639227234683,117.3913043478261,12.0,0.8333333333333334,0.5871281957586126,84.0,0.024151811385853938,0.018540424342825455,1.2873100089309415,6
2025-07-14,Spectrum,AT&T,"Los Angeles, CA",California,False,38,auto,68.0,30.45,12.407446830113972,3.026408294481893,123.31691297208538,143.0,0.4755244755244755,0.3749615187275526,644.0,0.18516388729154687,0.16219083093999892,0.9282208157761404,38
2025-07-14,Spectrum,Frontier,"Los Angeles, CA",California,False,27,auto,57.0,30.5,9.366794654803913,2.8291428366489324,86.88524590163934,143.0,0.3986013986013986,0.37557721908671116,644.0,0.18516388729154687,0.16219083093999892,0.9282208157761404,27
2025-07-14,Spectrum,AT&T,"Milwaukee, WI",Wisconsin,False,5,auto,11.0,6.85,3.328900561351814,1.2466578449897436,60.58394160583942,14.0,0.7857142857142857,0.6599247876730657,644.0,0.18516388729154687,0.16219083093999892,0.9282208157761404,5
2025-07-14,Spectrum,AT&T,"Cleveland-Akron, OH",Ohio,False,5,auto,14.0,9.6,3.9121941615792464,1.1246885553921075,45.833333333333336,25.0,0.56,0.5128466039175782,644.0,0.18516388729154687,0.16219083093999892,0.9282208157761404,5
2025-07-14,Spectrum,Frontier,"Tampa-St. Petersburg, FL",Florida,False,7,auto,24.0,17.9,5.543132308494329,1.1004608334266757,34.078212290502805,33.0,0.7272727272727273,0.6454326923076923,644.0,0.18516388729154687,0.16219083093999892,0.9282208157761404,7
2025-07-14,Spectrum,AT&T,"Dallas-Ft. Worth, TX",Texas,False,8,auto,32.0,24.15,7.464124723953695,1.0516973242432517,32.505175983436864,48.0,0.6666666666666666,0.5735585169547434,644.0,0.18516388729154687,0.16219083093999892,0.9282208157761404,8
2025-07-14,Spectrum,Verizon,"New York, NY",New York,False,5,auto,14.0,9.148148148148149,7.241460242157409,0.6700101484512695,53.03643724696355,17.0,0.8235294117647058,0.4093765132380724,644.0,0.18516388729154687,0.16219083093999892,0.9282208157761404,5
2025-07-14,Windstream,Omni Fiber,"Harlingen-Weslaco-Brownsville-McAllen, TX",Texas,False,20,auto,25.0,,,,,27.0,0.9259259259259259,,38.0,0.010925819436457734,0.005426519282721954,4.408904376881175,20
2025-07-15,Cox Communications,AT&T,"Los Angeles, CA",California,False,10,auto,11.0,1.411764705882353,1.697749375254331,5.6476152687031815,679.1666666666666,13.0,0.8461538461538461,0.7384615384615385,102.0,0.027338515143393194,0.01743438738461082,1.3510460775454398,10
2025-07-15,Cox Communications,AT&T,"San Diego, CA",California,False,7,auto,13.0,6.578947368421052,2.8735535390036615,2.234533842652989,97.60000000000001,15.0,0.8666666666666667,0.7156333355019191,102.0,0.027338515143393194,0.01743438738461082,1.3510460775454398,7
2025-07-15,Windstream,Omni Fiber,"Harlingen-Weslaco-Brownsville-McAllen, TX",Texas,False,21,auto,34.0,,,,,34.0,1.0,,48.0,0.012865183596890914,0.0074767694403549785,4.180994093572353,21
2025-07-16,Windstream,Omni Fiber,"Harlingen-Weslaco-Brownsville-McAllen, TX",Texas,False,11,auto,16.0,,,,,16.0,1.0,,36.0,0.009950248756218905,0.007026540650920822,2.0621702391064964,11
2025-07-22,Cincinnati Bell,Spectrum,"Cincinnati, OH",Ohio,False,6,auto,13.0,7.185185185185185,4.86776711595334,1.194554849544399,80.9278350515464,17.0,0.7647058823529411,0.45008468088068115,34.0,0.010419859025436715,0.007410309948608406,1.247577350009075,6
2025-07-22,Cincinnati Bell,Spectrum,"Honolulu, HI",Hawaii,False,4,auto,12.0,8.238095238095237,3.6865263040532055,1.0204470147869775,45.66473988439308,12.0,1.0,1.0,34.0,0.010419859025436715,0.007410309948608406,1.247577350009075,4
2025-07-23,WOW!,Comcast,"Detroit, MI",Michigan,False,6,auto,11.0,5.5,2.9236311408279683,1.8812222661037903,100.0,18.0,0.6111111111111112,0.5861864790498416,34.0,0.010197960407918417,0.0073917572992291125,0.7929861068878884,6
2025-07-24,CenturyLink,Comcast,"Portland, OR",Oregon,False,11,auto,13.0,2.2962962962962963,2.1088606988830363,5.075585935748601,466.1290322580645,14.0,0.9285714285714286,0.496,56.0,0.016317016317016316,0.012102339909313364,0.8877939296297743,11
2025-07-24,Windstream,Smartcom Telephone,"Harlingen-Weslaco-Brownsville-McAllen, TX",Texas,False,11,auto,15.0,,,,,15.0,1.0,,39.0,0.011363636363636364,0.008326011732761936,1.8476340384803123,11
2025-07-25,Windstream,Smartcom Telephone,"Harlingen-Weslaco-Brownsville-McAllen, TX",Texas,False,130,auto,130.0,,,,,130.0,1.0,,167.0,0.04617085982858723,0.00739226924202736,18.944004931312875,130
2025-07-26,Brightspeed,Spectrum,"Greensboro-High Point-Winston Salem, NC",North Carolina,False,8,auto,11.0,3.869565217391304,2.1596369186864166,3.30168220450025,184.26966292134833,11.0,1.0,1.0,173.0,0.02729137087868749,0.019888043565517186,0.6474139966485188,8
2025-07-26,Brightspeed,Spectrum,"Waco-Temple-Bryan, TX",Texas,False,10,auto,18.0,8.0,3.5186577527449843,2.841992800294025,125.0,20.0,0.9,0.7920792079207921,173.0,0.02729137087868749,0.019888043565517186,0.6474139966485188,10
2025-07-26,Brightspeed,Spectrum,"Cleveland-Akron, OH",Ohio,False,8,auto,21.0,13.818181818181818,6.40413827247562,1.121433966016155,51.973684210526315,21.0,1.0,0.9613492621222769,173.0,0.02729137087868749,0.019888043565517186,0.6474139966485188,8
2025-07-26,Brightspeed,Spectrum,"Raleigh-Durham, NC",North Carolina,False,22,distributed,12.0,11.545454545454545,4.079300508750568,0.11142730317867067,3.937007874015752,18.0,0.6666666666666666,0.6580310880829014,173.0,0.02729137087868749,0.019888043565517186,0.6474139966485188,22
2025-07-26,Windstream,Smartcom Telephone,"Harlingen-Weslaco-Brownsville-McAllen, TX",Texas,False,117,auto,117.0,,,,,118.0,0.9915254237288136,,174.0,0.02744912446758164,0.007471568197073266,8.086955864733305,117
2025-07-27,WOW!,Spectrum,"Tampa-St. Petersburg, FL",Florida,False,4,auto,13.0,9.590909090909092,4.414899997886927,0.7721785115682298,35.545023696682456,14.0,0.9285714285714286,0.9773546062789502,50.0,0.010117361392148928,0.00773385990070693,0.6706129491392157,4
2025-07-27,Windstream,Smartcom Telephone,"Harlingen-Weslaco-Brownsville-McAllen, TX",Texas,False,66,auto,69.0,,,,,71.0,0.971830985915493,,99.0,0.020032375556454877,0.00694304703414374,5.054423527506056,66
2025-07-29,Google Fiber,Spectrum,"Kansas City, MO",Missouri,False,9,auto,13.0,4.481481481481482,2.3430809823880376,3.6356056758382103,190.08264462809916,21.0,0.6190476190476191,0.3059770114942529,50.0,0.016474464579901153,0.011446194717646114,0.8451027763016871,9
2025-08-03,Cox Communications,AT&T,"San Diego, CA",California,False,3,auto,11.0,8.08695652173913,3.232126284074546,0.9012777417188574,36.02150537634408,18.0,0.6111111111111112,0.7213962508080155,125.0,0.026875940657923026,0.019038490355438514,0.5686744175056745,3
2025-08-06,Altice,Verizon,"New York, NY",New York,False,12,auto,28.0,16.37037037037037,9.15317577568719,1.270556789756014,71.04072398190046,53.0,0.5283018867924528,0.3689097548252478,101.0,0.03263327948303716,0.025205526506431597,0.9344195881428662,12
2025-08-09,Google Fiber,Comcast,"Salt Lake City, UT",Utah,False,9,auto,15.0,6.791666666666667,2.603996371243492,3.152206133610543,120.85889570552143,16.0,0.9375,0.8290946083418108,93.0,0.016042780748663103,0.01075071662702557,0.6473058354209734,9
2025-08-13,AT&T,Comcast,"Sacramento-Stockton-Modesto, CA",California,False,10,auto,16.0,6.88,3.1134118476894974,2.9292623161205187,132.55813953488374,18.0,0.8888888888888888,0.6772372146292432,580.0,0.18524433088470138,0.1495976318230051,0.3467769663180342,10
2025-08-13,AT&T,Spectrum,"Birmingham, AL",Alabama,False,6,auto,10.0,4.6,2.8431203515386634,1.8993216369041794,117.3913043478261,11.0,0.9090909090909091,0.6563438706908883,580.0,0.18524433088470138,0.1495976318230051,0.3467769663180342,6
2025-08-13,AT&T,Comcast,"Detroit, MI",Michigan,False,5,auto,14.0,9.333333333333334,3.583375463183411,1.3023102699154159,49.999999999999986,19.0,0.7368421052631579,0.6204306843436279,580.0,0.18524433088470138,0.1495976318230051,0.3467769663180342,5
2025-08-13,AT&T,Comcast,"Indianapolis, IN",Indiana,False,4,auto,10.0,6.2,3.013856886670854,1.2608428810292747,61.29032258064515,11.0,0.9090909090909091,0.5893847372590442,580.0,0.18524433088470138,0.1495976318230051,0.3467769663180342,4
2025-08-13,AT&T,Spectrum,"Milwaukee, WI",Wisconsin,False,5,auto,13.0,8.84,4.1299717513158205,1.0072708121247107,47.05882352941177,14.0,0.9285714285714286,0.9266247379454927,580.0,0.18524433088470138,0.1495976318230051,0.3467769663180342,5
2025-08-13,AT&T,Comcast,"Chicago, IL",Illinois,False,7,auto,14.0,7.777777777777778,7.386751827704959,0.8423488926330218,80.0,17.0,0.8235294117647058,0.4252185918085596,580.0,0.18524433088470138,0.1495976318230051,0.3467769663180342,7
2025-08-13,AT&T,Spectrum,"Charlotte, NC",North Carolina,False,4,auto,12.0,8.11111111111111,6.084869844593309,0.639107982292234,47.94520547945206,14.0,0.8571428571428571,0.4464175462323229,580.0,0.18524433088470138,0.1495976318230051,0.3467769663180342,4
2025-08-13,AT&T,Spectrum,"St. Louis, MO",Missouri,False,4,auto,10.0,6.444444444444445,6.64097614079166,0.5353965260793278,55.172413793103445,11.0,0.9090909090909091,0.42129421266604056,580.0,0.18524433088470138,0.1495976318230051,0.3467769663180342,4
2025-08-13,AT&T,Comcast,"Atlanta, GA",Georgia,False,12,distributed,25.0,21.72,7.651361534611558,0.4286818738289458,15.10128913443831,36.0,0.6944444444444444,0.6623316235387855,580.0,0.18524433088470138,0.1495976318230051,0.3467769663180342,12
2025-08-13,AT&T,Spectrum,"Cleveland-Akron, OH",Ohio,False,6,distributed,13.0,10.416666666666666,4.074487608934689,0.6340265528525609,24.800000000000008,18.0,0.7222222222222222,0.7441543238492915,580.0,0.18524433088470138,0.1495976318230051,0.3467769663180342,6
2025-08-13,AT&T,Spectrum,"Dallas-Ft. Worth, TX",Texas,False,14,distributed,31.0,32.96,10.458170649465103,-0.1874132738597307,-5.946601941747575,37.0,0.8378378378378378,0.8556878773556645,580.0,0.18524433088470138,0.1495976318230051,0.3467769663180342,14
2025-08-13,AT&T,Comcast,"Houston, TX",Texas,False,9,distributed,19.0,20.833333333333332,6.754493941502732,-0.2714242324015549,-8.799999999999995,27.0,0.7037037037037037,0.7897967288876051,580.0,0.18524433088470138,0.1495976318230051,0.3467769663180342,9
2025-08-13,AT&T,Spectrum,"Los Angeles, CA",California,False,14,distributed,31.0,26.16,10.632810854457382,0.4551947802185367,18.501529051987767,37.0,0.8378378378378378,0.8646359747656435,580.0,0.18524433088470138,0.1495976318230051,0.3467769663180342,14
2025-08-13,AT&T,Comcast,"Miami-Ft. Lauderdale, FL",Florida,False,7,distributed,15.0,23.16,7.624959016283301,-1.0701696864959018,-35.23316062176166,17.0,0.8823529411764706,0.8574805504264903,580.0,0.18524433088470138,0.1495976318230051,0.3467769663180342,7
2025-08-13,AT&T,Spectrum,"Orlando-Daytona Beach-Melbourne, FL",Florida,False,10,distributed,21.0,20.96,8.594959763334169,0.004653890314953876,0.19083969465648445,22.0,0.9545454545454546,0.9522725603935678,580.0,0.18524433088470138,0.1495976318230051,0.3467769663180342,10
2025-08-13,AT&T,Spectrum,"San Antonio, TX",Texas,False,8,distributed,17.0,15.56,6.17170964968379,0.23332270663020876,9.254498714652954,17.0,1.0,0.9210734017363851,580.0,0.18524433088470138,0.1495976318230051,0.3467769663180342,8
2025-08-13,AT&T,Comcast,"San Francisco-Oakland-San Jose, CA",California,False,7,distributed,16.0,15.24,4.909854037205858,0.15479075227916697,4.986876640419946,17.0,0.9411764705882353,0.8131614050689195,580.0,0.18524433088470138,0.1495976318230051,0.3467769663180342,7
2025-08-14,AT&T,Comcast,"San Francisco-Oakland-San Jose, CA",California,False,19,auto,33.0,14.8,5.228129047119374,3.4811688533258267,122.97297297297295,41.0,0.8048780487804879,0.7945360732500224,616.0,0.19574197648554179,0.1470729080755843,0.4277942629501305,19
2025-08-14,AT&T,Spectrum,"Los Angeles, CA",California,False,24,auto,50.0,26.88,8.809653795694812,2.6243937090125504,86.01190476190477,53.0,0.9433962264150944,0.8884917182074016,616.0,0.19574197648554179,0.1470729080755843,0.4277942629501305,24
2025-08-14,AT&T,Cox Communications,"Oklahoma City, OK",Oklahoma,False,5,auto,11.0,6.458333333333333,2.358687303798757,1.9255060470932868,70.32258064516131,11.0,1.0,1.0,616.0,0.19574197648554179,0.1470729080755843,0.4277942629501305,5
2025-08-14,AT&T,Spectrum,"Charlotte, NC",North Carolina,False,10,auto,16.0,6.851851851851852,5.425748468068385,1.6860619695120092,133.51351351351352,19.0,0.8421052631578947,0.7423624593559505,616.0,0.19574197648554179,0.1470729080755843,0.4277942629501305,10
2025-08-14,AT&T,Comcast,"Sacramento-Stockton-Modesto, CA",California,False,4,auto,11.0,7.8,3.427827300200522,0.9335359455865252,41.02564102564103,12.0,0.9166666666666666,0.7587795852824128,616.0,0.19574197648554179,0.1470729080755843,0.4277942629501305,4
2025-08-14,AT&T,Comcast,"West Palm Beach-Ft. Pierce, FL",Florida,False,3,auto,12.0,9.08,5.235456045083369,0.5577355582503992,32.158590308370044,13.0,0.9230769230769231,0.8986324376199617,616.0,0.19574197648554179,0.1470729080755843,0.4277942629501305,3
2025-08-14,AT&T,Comcast,"Atlanta, GA",Georgia,False,20,distributed,27.0,22.44,7.124371317292963,0.640056476131659,20.320855614973254,34.0,0.7941176470588235,0.6934938191281718,616.0,0.19574197648554179,0.1470729080755843,0.4277942629501305,20
2025-08-14,AT&T,Spectrum,"Cleveland-Akron, OH",Ohio,False,7,distributed,10.0,10.52,4.491844461539899,-0.1157653619693084,-4.942965779467677,12.0,0.8333333333333334,0.8196139537311096,616.0,0.19574197648554179,0.1470729080755843,0.4277942629501305,7
2025-08-14,AT&T,Spectrum,"Dallas-Ft. Worth, TX",Texas,False,20,distributed,28.0,35.84,11.869709347747316,-0.6605048001017744,-21.875000000000007,42.0,0.6666666666666666,0.834502874927287,616.0,0.19574197648554179,0.1470729080755843,0.4277942629501305,20
2025-08-14,AT&T,Comcast,"Detroit, MI",Michigan,False,9,distributed,12.0,11.16,4.988987873306568,0.16837082416944626,7.526881720430106,17.0,0.7058823529411765,0.6741317343354627,616.0,0.19574197648554179,0.1470729080755843,0.4277942629501305,9
2025-08-14,AT&T,Comcast,"Houston, TX",Texas,False,8,distributed,11.0,21.04,6.809796864322264,-1.4743464746505646,-47.71863117870722,17.0,0.6470588235294118,0.8392022792022792,616.0,0.19574197648554179,0.1470729080755843,0.4277942629501305,8
2025-08-14,AT&T,Comcast,"Miami-Ft. Lauderdale, FL",Florida,False,17,distributed,23.0,24.12,8.481941601622433,-0.1320452382961192,-4.643449419568826,26.0,0.8846153846153846,0.823542177984605,616.0,0.19574197648554179,0.1470729080755843,0.4277942629501305,17
2025-08-14,AT&T,Spectrum,"Orlando-Daytona Beach-Melbourne, FL",Florida,False,14,distributed,19.0,24.0,9.491224016602564,-0.5268024431046753,-20.833333333333336,20.0,0.95,0.9721068249258161,616.0,0.19574197648554179,0.1470729080755843,0.4277942629501305,14
2025-08-14,AT&T,Spectrum,"San Antonio, TX",Texas,False,12,distributed,17.0,14.68,6.142203730475462,0.37771459590130063,15.803814713896461,20.0,0.85,0.9054970091080451,616.0,0.19574197648554179,0.1470729080755843,0.4277942629501305,12
2025-08-14,AT&T,Spectrum,"St. Louis, MO",Missouri,False,8,distributed,11.0,9.074074074074074,7.306087693076055,0.26360564050594637,21.224489795918362,11.0,1.0,1.0,616.0,0.19574197648554179,0.1470729080755843,0.4277942629501305,8
2025-08-15,AT&T,Cox Communications,"Los Angeles, CA",California,False,13,auto,14.0,1.1818181818181819,0.9579921282290987,13.380257979652646,1084.6153846153845,131.0,0.10687022900763359,0.03841002206114088,798.0,0.22415730337078651,0.14609336438376905,1.2591121066594462,13
2025-08-15,AT&T,Comcast,"Sacramento-Stockton-Modesto, CA",California,False,35,auto,42.0,7.44,2.9450523481482183,11.734935720830409,464.5161290322581,44.0,0.9545454545454546,0.7297010420121206,798.0,0.22415730337078651,0.14609336438376905,1.2591121066594462,35
2025-08-15,AT&T,Comcast,"San Francisco-Oakland-San Jose, CA",California,False,49,auto,62.0,13.48,4.796873982084583,10.114920713200517,359.94065281899105,66.0,0.9393939393939394,0.791089904698723,798.0,0.22415730337078651,0.14609336438376905,1.2591121066594462,49
2025-08-15,AT&T,Spectrum,"Los Angeles, CA",California,False,88,auto,113.0,25.92,8.70306459434453,10.005670882482795,335.95679012345676,131.0,0.8625954198473282,0.8424204223132682,798.0,0.22415730337078651,0.14609336438376905,1.2591121066594462,88
2025-08-15,AT&T,Comcast,"Fresno-Visalia, CA",California,False,15,auto,19.0,4.44,2.1228911104120876,6.858571279792899,327.92792792792784,20.0,0.95,0.8161764705882353,798.0,0.22415730337078651,0.14609336438376905,1.2591121066594462,15
2025-08-15,AT&T,Comcast,"Chicago, IL",Illinois,False,20,auto,27.0,7.518518518518518,6.606351083909683,2.9489019330096227,259.11330049261085,32.0,0.84375,0.39897798742138363,798.0,0.22415730337078651,0.14609336438376905,1.2591121066594462,20
2025-08-15,AT&T,Spectrum,"Austin, TX",Texas,False,8,auto,13.0,5.208333333333333,2.6536138880151094,2.9362473198747074,149.60000000000002,15.0,0.8666666666666667,0.8734073160706947,798.0,0.22415730337078651,0.14609336438376905,1.2591121066594462,8
2025-08-15,AT&T,Cox Communications,"San Diego, CA",California,False,8,auto,13.0,5.52,3.015515434106304,2.4805046312809926,135.50724637681162,15.0,0.8666666666666667,0.6425219455639596,798.0,0.22415730337078651,0.14609336438376905,1.2591121066594462,8
2025-08-15,AT&T,Spectrum,"El Paso, TX",Texas,False,7,auto,11.0,4.68,2.6095976701399777,2.4218292621563378,135.04273504273505,12.0,0.9166666666666666,0.9122807017543859,798.0,0.22415730337078651,0.14609336438376905,1.2591121066594462,7
2025-08-15,AT&T,Comcast,"Indianapolis, IN",Indiana,False,6,auto,12.0,6.0,2.9580398915498076,2.02837021134844,100.0,15.0,0.8,0.4733808649617897,798.0,0.22415730337078651,0.14609336438376905,1.2591121066594462,6
2025-08-15,AT&T,Spectrum,"Bakersfield, CA",California,False,6,auto,10.0,4.96,2.745906043549196,1.835459742637659,101.61290322580645,10.0,1.0,1.0,798.0,0.22415730337078651,0.14609336438376905,1.2591121066594462,6
2025-08-15,AT&T,Spectrum,"Charlotte, NC",North Carolina,False,7,auto,14.0,7.222222222222222,5.017916617430703,1.3507155049635255,93.84615384615384,14.0,1.0,0.9086370444333499,798.0,0.22415730337078651,0.14609336438376905,1.2591121066594462,7
2025-08-15,AT&T,Spectrum,"St. Louis, MO",Missouri,False,6,auto,12.0,6.407407407407407,5.562645049166803,1.0053836876451923,87.28323699421965,14.0,0.8571428571428571,0.46421589297351173,798.0,0.22415730337078651,0.14609336438376905,1.2591121066594462,6
2025-08-15,AT&T,Comcast,"Detroit, MI",Michigan,False,5,auto,14.0,9.96,4.315476026272575,0.9361655528624234,40.56224899598392,22.0,0.6363636363636364,0.6650344981081683,798.0,0.22415730337078651,0.14609336438376905,1.2591121066594462,5
2025-08-15,AT&T,Comcast,"West Palm Beach-Ft. Pierce, FL",Florida,False,5,auto,14.0,9.92,4.63609030685699,0.8800518820708676,41.12903225806452,16.0,0.875,0.8729949197967919,798.0,0.22415730337078651,0.14609336438376905,1.2591121066594462,5
2025-08-15,AT&T,Comcast,"Atlanta, GA",Georgia,False,9,distributed,22.0,22.24,6.660080079598644,-0.03603560274525431,-1.079136690647475,34.0,0.6470588235294118,0.7057454648026373,798.0,0.22415730337078651,0.14609336438376905,1.2591121066594462,9
2025-08-15,AT&T,Spectrum,"Dallas-Ft. Worth, TX",Texas,False,8,distributed,20.0,34.04,10.134429765244153,-1.3853764173441636,-41.24559341950646,25.0,0.8,0.8384065435334673,798.0,0.22415730337078651,0.14609336438376905,1.2591121066594462,8
2025-08-15,AT&T,Comcast,"Houston, TX",Texas,False,7,distributed,18.0,21.12,7.084725353415849,-0.44038404375064666,-14.772727272727277,20.0,0.9,0.8587035302020541,798.0,0.22415730337078651,0.14609336438376905,1.2591121066594462,7
2025-08-15,AT&T,Comcast,"Miami-Ft. Lauderdale, FL",Florida,False,10,distributed,24.0,25.72,8.433662707665434,-0.20394460385956328,-6.687402799377912,27.0,0.8888888888888888,0.8655156619523459,798.0,0.22415730337078651,0.14609336438376905,1.2591121066594462,10
2025-08-15,AT&T,Spectrum,"Orlando-Daytona Beach-Melbourne, FL",Florida,False,9,distributed,22.0,21.44,8.083316151184487,0.06927849777568569,2.6119402985074567,23.0,0.9565217391304348,0.930800399936852,798.0,0.22415730337078651,0.14609336438376905,1.2591121066594462,9
2025-08-15,AT&T,Spectrum,"San Antonio, TX",Texas,False,5,distributed,13.0,15.92,5.106531764971867,-0.571816672135415,-18.341708542713565,14.0,0.9285714285714286,0.9360875345127313,798.0,0.22415730337078651,0.14609336438376905,1.2591121066594462,5
2025-08-16,AT&T,Cox Communications,"Los Angeles, CA",California,False,21,auto,22.0,1.56,1.2609520212918495,16.209974412078864,1310.2564102564102,184.0,0.11956521739130435,0.03121184322905134,1517.0,0.22527472527472528,0.1429594917303979,1.5951579536784242,21
2025-08-16,AT&T,Comcast,"San Francisco-Oakland-San Jose, CA",California,False,76,auto,99.0,23.72,6.730032194078518,11.185682004052792,317.3693086003373,104.0,0.9519230769230769,0.7921335807050093,1517.0,0.22527472527472528,0.1429594917303979,1.5951579536784242,76
2025-08-16,AT&T,Comcast,"Fresno-Visalia, CA",California,False,24,auto,30.0,6.84,2.494660965609021,9.283826667944018,338.5964912280702,30.0,1.0,1.0,1517.0,0.22527472527472528,0.1429594917303979,1.5951579536784242,24
2025-08-16,AT&T,Spectrum,"Los Angeles, CA",California,False,112,auto,155.0,43.6,15.446142992130214,7.212156462409944,255.50458715596332,184.0,0.842391304347826,0.8723310030683579,1517.0,0.22527472527472528,0.1429594917303979,1.5951579536784242,112
2025-08-16,AT&T,Comcast,"Sacramento-Stockton-Modesto, CA",California,False,27,auto,39.0,12.72,4.62349074473678,5.684017001638044,206.60377358490564,48.0,0.8125,0.7585104401089459,1517.0,0.22527472527472528,0.1429594917303979,1.5951579536784242,27
2025-08-16,AT&T,Cox Communications,"San Diego, CA",California,False,19,auto,28.0,9.6,4.092676385936224,4.495835552312033,191.66666666666666,39.0,0.717948717948718,0.6523034582485437,1517.0,0.22527472527472528,0.1429594917303979,1.5951579536784242,19
2025-08-16,AT&T,Comcast,"West Palm Beach-Ft. Pierce, FL",Florida,False,21,auto,35.0,14.96,5.4884727687521,3.6512889549338956,133.95721925133688,35.0,1.0,0.9476699350005509,1517.0,0.22527472527472528,0.1429594917303979,1.5951579536784242,21
2025-08-16,AT&T,Comcast,"Chicago, IL",Illinois,False,41,auto,53.0,12.851851851851851,11.023414603273775,3.6420791191347193,312.3919308357349,64.0,0.828125,0.41674172821713806,1517.0,0.22527472527472528,0.1429594917303979,1.5951579536784242,41
2025-08-16,AT&T,Buckeye,"Toledo, OH",Ohio,False,9,auto,13.0,4.96,2.3000000000000003,3.495652173913043,162.09677419354838,16.0,0.8125,0.7987117552334944,1517.0,0.22527472527472528,0.1429594917303979,1.5951579536784242,9
2025-08-16,AT&T,Cox Communications,"Wichita-Hutchinson, KS Plus",Kansas,False,12,auto,18.0,6.583333333333333,3.3481554515189753,3.4098376948081097,173.41772151898738,19.0,0.9473684210526315,0.8099617577364333,1517.0,0.22527472527472528,0.1429594917303979,1.5951579536784242,12
2025-08-16,AT&T,Comcast,"Nashville, TN",Tennessee,False,11,auto,18.0,7.925925925925926,4.26908318319885,2.35977460306255,127.10280373831777,24.0,0.75,0.6323596767282774,1517.0,0.22527472527472528,0.1429594917303979,1.5951579536784242,11
2025-08-16,AT&T,Spectrum,"Charlotte, NC",North Carolina,False,21,auto,30.0,9.814814814814815,9.269623828717426,2.1775624942461196,205.66037735849054,34.0,0.8823529411764706,0.7388907319946174,1517.0,0.22527472527472528,0.1429594917303979,1.5951579536784242,21
2025-08-16,AT&T,Spectrum,"Milwaukee, WI",Wisconsin,False,15,auto,32.0,17.48,6.783067152844648,2.1406245394328254,83.06636155606407,33.0,0.9696969696969697,0.9085969123836117,1517.0,0.22527472527472528,0.1429594917303979,1.5951579536784242,15
2025-08-16,AT&T,Spectrum,"Birmingham, AL",Alabama,False,9,auto,17.0,8.68,3.9970822691891983,2.0815183275393774,95.85253456221199,23.0,0.7391304347826086,0.6861824453813721,1517.0,0.22527472527472528,0.1429594917303979,1.5951579536784242,9
2025-08-16,AT&T,Cox Communications,"Tulsa, OK",Oklahoma,False,6,auto,11.0,5.884615384615385,3.2903121198685463,1.554680659167673,86.92810457516339,12.0,0.9166666666666666,0.8999037536092397,1517.0,0.22527472527472528,0.1429594917303979,1.5951579536784242,6
2025-08-16,AT&T,Spectrum,"El Paso, TX",Texas,False,5,auto,11.0,6.333333333333333,3.0255323752764816,1.5424282697487954,73.6842105263158,11.0,1.0,0.8583162217659137,1517.0,0.22527472527472528,0.1429594917303979,1.5951579536784242,5
2025-08-16,AT&T,Cox Communications,"Oklahoma City, OK",Oklahoma,False,7,auto,19.0,12.2,4.5,1.5111111111111113,55.73770491803279,20.0,0.95,0.8640226628895185,1517.0,0.22527472527472528,0.1429594917303979,1.5951579536784242,7
2025-08-16,AT&T,Spectrum,"Dayton, OH",Ohio,False,4,auto,10.0,6.72,2.5579940057266226,1.2822547639505844,48.80952380952381,11.0,0.9090909090909091,0.8538754764930114,1517.0,0.22527472527472528,0.1429594917303979,1.5951579536784242,4
2025-08-16,AT&T,Comcast,"Atlanta, GA",Georgia,False,12,auto,51.0,39.08,12.19945353967409,0.9770929461089981,30.50153531218015,66.0,0.7727272727272727,0.6860933924286897,1517.0,0.22527472527472528,0.1429594917303979,1.5951579536784242,12
2025-08-16,AT&T,Comcast,"Memphis, TN",Tennessee,False,5,auto,10.0,5.62962962962963,5.2414630088301175,0.8338073478736286,77.63157894736842,13.0,0.7692307692307693,0.4203450403114297,1517.0,0.22527472527472528,0.1429594917303979,1.5951579536784242,5
2025-08-16,AT&T,Cox Communications,"Baton Rouge, LA",Louisiana,False,4,auto,13.0,9.84,4.02781992315115,0.7845435149265029,32.113821138211385,14.0,0.9285714285714286,0.8319594166138237,1517.0,0.22527472527472528,0.1429594917303979,1.5951579536784242,4
2025-08-16,AT&T,Spectrum,"St. Louis, MO",Missouri,False,7,auto,18.0,11.185185185185185,9.915167235631547,0.6873121403666113,60.9271523178808,22.0,0.8181818181818182,0.45369188011717876,1517.0,0.22527472527472528,0.1429594917303979,1.5951579536784242,7
2025-08-16,AT&T,Spectrum,"Cleveland-Akron, OH",Ohio,False,13,distributed,20.0,19.08,6.9397406291589885,0.1325697960719743,4.821802935010491,26.0,0.7692307692307693,0.8745034702518661,1517.0,0.22527472527472528,0.1429594917303979,1.5951579536784242,13
2025-08-16,AT&T,Spectrum,"Dallas-Ft. Worth, TX",Texas,False,37,distributed,58.0,58.96,18.26992063474825,-0.052545384251650264,-1.628222523744913,75.0,0.7733333333333333,0.791977129797355,1517.0,0.22527472527472528,0.1429594917303979,1.5951579536784242,37
2025-08-16,AT&T,Comcast,"Detroit, MI",Michigan,False,13,distributed,21.0,17.92,6.415605972938176,0.480079358519183,17.18749999999999,30.0,0.7,0.6296187855009662,1517.0,0.22527472527472528,0.1429594917303979,1.5951579536784242,13
2025-08-16,AT&T,Spectrum,"Greensboro-High Point-Winston Salem, NC",North Carolina,False,6,distributed,10.0,7.92,3.7296112397943038,0.5576988769785873,26.262626262626267,10.0,1.0,0.8257372654155497,1517.0,0.22527472527472528,0.1429594917303979,1.5951579536784242,6
2025-08-16,AT&T,Comcast,"Houston, TX",Texas,False,28,distributed,44.0,41.44,13.108775686539152,0.19528902326315326,6.177606177606183,54.0,0.8148148148148148,0.8261456212161049,1517.0,0.22527472527472528,0.1429594917303979,1.5951579536784242,28
2025-08-16,AT&T,Comcast,"Indianapolis, IN",Indiana,False,7,distributed,11.0,10.08,4.0816663263917095,0.22539814047301165,9.126984126984127,16.0,0.6875,0.5082766799739423,1517.0,0.22527472527472528,0.1429594917303979,1.5951579536784242,7
2025-08-16,AT&T,Comcast,"Jacksonville, FL",Florida,False,6,distributed,10.0,10.296296296296296,7.508020402900511,-0.03946397058029173,-2.877697841726614,11.0,0.9090909090909091,0.8104265851419269,1517.0,0.22527472527472528,0.1429594917303979,1.5951579536784242,6
2025-08-16,AT&T,Spectrum,"Louisville, KY",Kentucky,False,6,distributed,10.0,7.925925925925926,6.667521312739874,0.31107123273997883,26.16822429906542,15.0,0.6666666666666666,0.43418716713162564,1517.0,0.22527472527472528,0.1429594917303979,1.5951579536784242,6
2025-08-16,AT&T,Comcast,"Miami-Ft. Lauderdale, FL",Florida,False,26,distributed,41.0,39.96,14.304661244969536,0.07270357418395573,2.6026026026026003,44.0,0.9318181818181818,0.8824879894562306,1517.0,0.22527472527472528,0.1429594917303979,1.5951579536784242,26
2025-08-16,AT&T,Spectrum,"Orlando-Daytona Beach-Melbourne, FL",Florida,False,22,distributed,35.0,39.92,13.26624789958839,-0.3708659778740192,-12.324649298597198,36.0,0.9722222222222222,0.9462098587640043,1517.0,0.22527472527472528,0.1429594917303979,1.5951579536784242,22
2025-08-16,AT&T,Spectrum,"San Antonio, TX",Texas,False,13,distributed,20.0,28.56,10.43663419562712,-0.8201877961370517,-29.971988795518207,24.0,0.8333333333333334,0.9301438658762224,1517.0,0.22527472527472528,0.1429594917303979,1.5951579536784242,13
2025-08-16,Altice,T-Mobile FWA,"New York, NY",New York,False,8,auto,11.0,3.962962962962963,3.756855082906461,1.8731191067377795,177.57009345794395,103.0,0.10679611650485436,0.05274833620902144,166.0,0.02465102465102465,0.02362649316340201,0.12026675610377255,8
2025-08-16,CenturyLink,Comcast,"Denver, CO",Colorado,False,32,auto,42.0,10.2,3.278719262151,9.698909073153658,311.764705882353,44.0,0.9545454545454546,0.884393063583815,190.0,0.028215028215028214,0.013073669417016119,3.190401334968599,32
2025-08-16,CenturyLink,Cable One,"Boise, ID",Idaho,False,8,auto,10.0,2.259259259259259,1.318291218923853,5.871798757075587,342.62295081967216,10.0,1.0,0.9442724458204335,190.0,0.028215028215028214,0.013073669417016119,3.190401334968599,8
2025-08-16,CenturyLink,Comcast,"Seattle-Tacoma, WA",Washington,False,8,auto,13.0,5.0,1.8650096164806274,4.2895221179054435,160.0,14.0,0.9285714285714286,0.8408192597915918,190.0,0.028215028215028214,0.013073669417016119,3.190401334968599,8
2025-08-16,CenturyLink,Comcast,"Colorado Springs-Pueblo, CO",Colorado,False,10,auto,14.0,4.24,2.367840084690405,4.12189998095928,230.18867924528303,14.0,1.0,0.9443207126948775,190.0,0.028215028215028214,0.013073669417016119,3.190401334968599,10
2025-08-16,CenturyLink,Comcast,"Portland, OR",Oregon,False,10,auto,13.0,3.3333333333333335,2.9088723694136984,3.3231663129362543,290.0,15.0,0.8666666666666667,0.46680497925311204,190.0,0.028215028215028214,0.013073669417016119,3.190401334968599,10
2025-08-16,CenturyLink,Cox Communications,"Phoenix, AZ",Arizona,False,6,auto,12.0,6.04,2.9647934160747185,2.010258106917557,98.67549668874173,13.0,0.9230769230769231,0.805640243902439,190.0,0.028215028215028214,0.013073669417016119,3.190401334968599,6
2025-08-16,Frontier,Spectrum,"Los Angeles, CA",California,False,65,auto,167.0,102.8,29.14904229415894,2.202473733171837,62.45136186770428,173.0,0.9653179190751445,0.9349751653537738,436.0,0.06474606474606474,0.05320624643059352,0.5191086758397986,65
2025-08-16,Frontier,Spectrum,"Dallas-Ft. Worth, TX",Texas,False,4,distributed,20.0,25.08,8.601937766185786,-0.5905646074271167,-20.255183413078147,21.0,0.9523809523809523,0.7979821268825336,436.0,0.06474606474606474,0.05320624643059352,0.5191086758397986,4
2025-08-16,Frontier,Comcast,"Hartford & New Haven, CT",Connecticut,False,2,distributed,12.0,14.96,5.216001022494788,-0.5674845513324396,-19.786096256684495,21.0,0.5714285714285714,0.5612635181340082,436.0,0.06474606474606474,0.05320624643059352,0.5191086758397986,2
2025-08-16,Frontier,Spectrum,"Tampa-St. Petersburg, FL",Florida,False,12,distributed,68.0,72.32,21.29694813817228,-0.20284596515765094,-5.97345132743362,83.0,0.8192771084337349,0.847169074580242,436.0,0.06474606474606474,0.05320624643059352,0.5191086758397986,12
2025-08-17,AT&T,Cox Communications,"Los Angeles, CA",California,False,20,auto,21.0,1.7391304347826086,1.355708178049989,14.207238605672249,1107.5,179.0,0.11731843575418995,0.039452817600465546,1150.0,0.22611089264648054,0.15017615963252198,1.1755893776533957,20
2025-08-17,AT&T,Comcast,"San Francisco-Oakland-San Jose, CA",California,False,92,auto,115.0,23.04,7.546964069522701,12.185032173581808,399.1319444444445,120.0,0.9583333333333334,0.8245960869861613,1150.0,0.22611089264648054,0.15017615963252198,1.1755893776533957,92
2025-08-17,AT&T,Spectrum,"Sacramento-Stockton-Modesto, CA",California,False,9,auto,10.0,1.1363636363636365,0.8335497554466649,10.633602020417733,779.9999999999999,68.0,0.14705882352941177,0.07426330798479089,1150.0,0.22611089264648054,0.15017615963252198,1.1755893776533957,9
2025-08-17,AT&T,Comcast,"Sacramento-Stockton-Modesto, CA",California,False,46,auto,56.0,10.52,4.788179890800539,9.498390001465918,432.319391634981,68.0,0.8235294117647058,0.6875,1150.0,0.22611089264648054,0.15017615963252198,1.1755893776533957,46
2025-08-17,AT&T,Spectrum,"Los Angeles, CA",California,False,116,auto,153.0,37.6,14.335271186831449,8.0500744280309,306.9148936170213,179.0,0.8547486033519553,0.8529699165220651,1150.0,0.22611089264648054,0.15017615963252198,1.1755893776533957,116
2025-08-17,AT&T,Comcast,"Fresno-Visalia, CA",California,False,17,auto,23.0,6.708333333333333,2.970568188464766,5.484360443207481,242.8571428571429,25.0,0.92,0.79058748410048,1150.0,0.22611089264648054,0.15017615963252198,1.1755893776533957,17
2025-08-17,AT&T,Cox Communications,"San Diego, CA",California,False,20,auto,27.0,7.8,3.9999999999999996,4.800000000000001,246.15384615384616,29.0,0.9310344827586207,0.638646288209607,1150.0,0.22611089264648054,0.15017615963252198,1.1755893776533957,20
2025-08-17,AT&T,Spectrum,"Bakersfield, CA",California,False,8,auto,13.0,5.16,2.6564387187862373,2.95131972913804,151.93798449612405,13.0,1.0,0.9710480602200346,1150.0,0.22611089264648054,0.15017615963252198,1.1755893776533957,8
2025-08-17,AT&T,Spectrum,"Reno, NV",Nevada,False,7,auto,10.0,3.4444444444444446,2.258885588639696,2.9021193408486528,190.32258064516128,10.0,1.0,0.9393939393939393,1150.0,0.22611089264648054,0.15017615963252198,1.1755893776533957,7
2025-08-17,AT&T,Spectrum,"Greenville-Spartanburg, SC-Asheville, NC-Anderson, SC",South Carolina,False,7,auto,10.0,3.2222222222222223,3.029766852331575,2.2370624896638165,210.3448275862069,13.0,0.7692307692307693,0.34951354561492376,1150.0,0.22611089264648054,0.15017615963252198,1.1755893776533957,7
2025-08-17,AT&T,Spectrum,"El Paso, TX",Texas,False,7,auto,12.0,5.37037037037037,3.0018987343673023,2.2084787716954515,123.44827586206897,12.0,1.0,1.0,1150.0,0.22611089264648054,0.15017615963252198,1.1755893776533957,7
2025-08-17,AT&T,Spectrum,"Greensboro-High Point-Winston Salem, NC",North Carolina,False,7,auto,12.0,5.8,3.62859017617954,1.7086525892896065,106.89655172413795,12.0,1.0,0.9586776859504132,1150.0,0.22611089264648054,0.15017615963252198,1.1755893776533957,7
2025-08-17,AT&T,Spectrum,"St. Louis, MO",Missouri,False,8,auto,18.0,10.407407407407407,8.572134009771517,0.8857295725822382,72.95373665480427,21.0,0.8571428571428571,0.45485645884201287,1150.0,0.22611089264648054,0.15017615963252198,1.1755893776533957,8
2025-08-17,AT&T,Comcast,"Chicago, IL",Illinois,False,8,auto,19.0,11.592592592592593,10.558479127292978,0.7015600749031878,63.89776357827475,24.0,0.7916666666666666,0.4281805745554036,1150.0,0.22611089264648054,0.15017615963252198,1.1755893776533957,8
2025-08-17,AT&T,Comcast,"Atlanta, GA",Georgia,False,13,distributed,40.0,34.36,10.201633856070963,0.5528526194501338,16.41443538998836,52.0,0.7692307692307693,0.6827846592038154,1150.0,0.22611089264648054,0.15017615963252198,1.1755893776533957,13
2025-08-17,AT&T,Spectrum,"Charlotte, NC",North Carolina,False,4,distributed,12.0,9.88888888888889,7.895146188218008,0.2673935429164743,21.348314606741567,19.0,0.631578947368421,0.42503482260953024,1150.0,0.22611089264648054,0.15017615963252198,1.1755893776533957,4
2025-08-17,AT&T,Spectrum,"Cleveland-Akron, OH",Ohio,False,5,distributed,14.0,13.96,4.3730233629988,0.009146989777930012,0.28653295128939216,18.0,0.7777777777777778,0.7997349221900015,1150.0,0.22611089264648054,0.15017615963252198,1.1755893776533957,5
2025-08-17,AT&T,Spectrum,"Dallas-Ft. Worth, TX",Texas,False,11,distributed,35.0,50.24,16.12523901631642,-0.9451022700860009,-30.334394904458602,49.0,0.7142857142857143,0.7744851407826775,1150.0,0.22611089264648054,0.15017615963252198,1.1755893776533957,11
2025-08-17,AT&T,Comcast,"Detroit, MI",Michigan,False,4,distributed,12.0,13.6,5.715476066494082,-0.279941684889506,-11.764705882352938,15.0,0.8,0.6664394068518834,1150.0,0.22611089264648054,0.15017615963252198,1.1755893776533957,4
2025-08-17,AT&T,Comcast,"Houston, TX",Texas,False,11,distributed,33.0,32.36,10.045231040979928,0.06371182478422792,1.9777503090234876,38.0,0.868421052631579,0.8520526334986869,1150.0,0.22611089264648054,0.15017615963252198,1.1755893776533957,11
2025-08-17,AT&T,Comcast,"Miami-Ft. Lauderdale, FL",Florida,False,9,distributed,28.0,35.52,13.478748705524067,-0.55791529052827,-21.171171171171178,31.0,0.9032258064516129,0.8798433569313057,1150.0,0.22611089264648054,0.15017615963252198,1.1755893776533957,9
2025-08-17,AT&T,Cox Communications,"New Orleans, LA",Louisiana,False,3,distributed,10.0,9.16,2.3572582944316194,0.35634618488108455,9.170305676855893,19.0,0.5263157894736842,0.5544573230480938,1150.0,0.22611089264648054,0.15017615963252198,1.1755893776533957,3
2025-08-17,AT&T,Cox Communications,"Oklahoma City, OK",Oklahoma,False,3,distributed,10.0,9.76,4.446721638840612,0.05397234625700005,2.4590163934426252,13.0,0.7692307692307693,0.8068270467692135,1150.0,0.22611089264648054,0.15017615963252198,1.1755893776533957,3
2025-08-17,AT&T,Spectrum,"Orlando-Daytona Beach-Melbourne, FL",Florida,False,8,distributed,26.0,32.4,12.06924466015445,-0.530273449599463,-19.75308641975308,27.0,0.9629629629629629,0.9438779881758204,1150.0,0.22611089264648054,0.15017615963252198,1.1755893776533957,8
2025-08-17,AT&T,Spectrum,"San Antonio, TX",Texas,False,7,distributed,23.0,22.0,8.519585279421372,0.11737660545701085,4.545454545454546,25.0,0.92,0.89058524173028,1150.0,0.22611089264648054,0.15017615963252198,1.1755893776533957,7
2025-08-17,AT&T,Comcast,"West Palm Beach-Ft. Pierce, FL",Florida,False,4,distributed,12.0,13.4,5.0990195135927845,-0.2745625891934577,-10.447761194029853,13.0,0.9230769230769231,0.9359720605355064,1150.0,0.22611089264648054,0.15017615963252198,1.1755893776533957,4
2025-08-17,CenturyLink,Comcast,"Denver, CO",Colorado,False,12,auto,20.0,8.8,3.341656275960571,3.351631369321646,127.27272727272725,20.0,1.0,1.0,114.0,0.022414471097129376,0.013065328012153538,1.685000761039248,12
2025-08-17,CenturyLink,Comcast,"Colorado Springs-Pueblo, CO",Colorado,False,6,auto,10.0,4.04,2.0305992547357374,2.935094153166936,147.5247524752475,10.0,1.0,1.0,114.0,0.022414471097129376,0.013065328012153538,1.685000761039248,6
2025-08-17,CenturyLink,Cox Communications,"Las Vegas, NV",Nevada,False,6,auto,10.0,4.76,2.2781571499789033,2.300104714044211,110.08403361344538,10.0,1.0,1.0,114.0,0.022414471097129376,0.013065328012153538,1.685000761039248,6
2025-08-17,Frontier,Spectrum,"Los Angeles, CA",California,False,76,auto,156.0,80.08,20.23594162210727,3.7517404140491917,94.80519480519482,159.0,0.9811320754716981,0.9152996244489197,369.0,0.07255210381439245,0.05175656548395255,0.8548791353388094,76
2025-08-17,Frontier,Spectrum,"Dallas-Ft. Worth, TX",Texas,False,10,distributed,21.0,18.96,6.503076195155642,0.3136976930271343,10.759493670886071,23.0,0.9130434782608695,0.8488137275042347,369.0,0.07255210381439245,0.05175656548395255,0.8548791353388094,10
2025-08-17,Frontier,Spectrum,"Tampa-St. Petersburg, FL",Florida,False,26,distributed,57.0,60.04,16.858430136482653,-0.1803252126911424,-5.063291139240505,66.0,0.8636363636363636,0.8107103498828356,369.0,0.07255210381439245,0.05175656548395255,0.8548791353388094,26
2025-08-31,Cincinnati Bell,Spectrum,"Honolulu, HI",Hawaii,False,8,auto,21.0,13.074074074074074,4.488668861494257,1.7657631183084024,60.62322946175637,22.0,0.9545454545454546,0.9278393780094536,40.0,0.015402387370042356,0.006496173054193035,0.379950549864028,8
2025-08-31,Cincinnati Bell,Spectrum,"Cincinnati, OH",Ohio,False,16,distributed,11.0,9.037037037037036,6.136156912304447,0.3199010375739835,21.721311475409845,13.0,0.8461538461538461,0.46653919694072654,40.0,0.015402387370042356,0.006496173054193035,0.379950549864028,16
